-- phpMyAdmin SQL Dump
-- version 5.2.1
-- https://www.phpmyadmin.net/
--
-- Gép: 127.0.0.1
-- Létrehozás ideje: 2025. Már 16. 15:56
-- Kiszolgáló verziója: 10.4.32-MariaDB
-- PHP verzió: 8.2.12

SET SQL_MODE = "NO_AUTO_VALUE_ON_ZERO";
START TRANSACTION;
SET time_zone = "+00:00";


/*!40101 SET @OLD_CHARACTER_SET_CLIENT=@@CHARACTER_SET_CLIENT */;
/*!40101 SET @OLD_CHARACTER_SET_RESULTS=@@CHARACTER_SET_RESULTS */;
/*!40101 SET @OLD_COLLATION_CONNECTION=@@COLLATION_CONNECTION */;
/*!40101 SET NAMES utf8mb4 */;

--
-- Adatbázis: `antikvarium`
--

-- --------------------------------------------------------

--
-- Tábla szerkezet ehhez a táblához `alkategoriak`
--

CREATE TABLE `alkategoriak` (
  `id` int(11) NOT NULL,
  `megnevezes` text NOT NULL
) ENGINE=InnoDB DEFAULT CHARSET=utf8mb4 COLLATE=utf8mb4_hungarian_ci;

--
-- A tábla adatainak kiíratása `alkategoriak`
--

INSERT INTO `alkategoriak` (`id`, `megnevezes`) VALUES
(1, 'egészséges lélek'),
(2, 'táplálkozás'),
(3, 'betegségekről'),
(4, 'gyűjtemények'),
(5, 'sport'),
(6, 'művészet'),
(7, 'szakácskönyvek'),
(8, 'italok'),
(9, 'befőzés, tartósítás'),
(10, 'babakonyha'),
(11, 'mesekönyv'),
(12, 'kifestő'),
(13, 'foglalkoztató'),
(14, 'hobbiállatok'),
(15, 'kézimunka'),
(16, 'kreatív hobbi'),
(17, 'szórakozás'),
(18, 'szórakoztató irodalom'),
(19, 'regény'),
(20, 'novella'),
(21, 'költészet'),
(22, 'színmű'),
(23, 'krimi'),
(24, 'fantasy'),
(25, 'sci-fi'),
(26, 'történelmi'),
(27, 'akció'),
(28, 'nyelvkönyv'),
(29, 'fejlesztő'),
(30, 'speciális'),
(31, 'kereszténység'),
(32, 'hinduizmus'),
(33, 'buddhizmus'),
(34, 'iszlám'),
(35, 'romantikus'),
(36, 'komolyzene'),
(37, 'könnyűzene'),
(38, 'népzene'),
(39, 'dokumentumfilm'),
(40, 'akciófilm'),
(41, 'animációs film'),
(42, 'vígjáték');

-- --------------------------------------------------------

--
-- Tábla szerkezet ehhez a táblához `allapot`
--

CREATE TABLE `allapot` (
  `id` int(11) NOT NULL,
  `megnevezes` text NOT NULL
) ENGINE=InnoDB DEFAULT CHARSET=latin1 COLLATE=latin1_swedish_ci;

--
-- A tábla adatainak kiíratása `allapot`
--

INSERT INTO `allapot` (`id`, `megnevezes`) VALUES
(1, 'bontatlan/hibátlan'),
(2, 'jó'),
(3, 'közepes'),
(4, 'sérült'),
(5, 'rossz');

-- --------------------------------------------------------

--
-- Tábla szerkezet ehhez a táblához `borito`
--

CREATE TABLE `borito` (
  `id` int(11) NOT NULL,
  `megnevezes` text NOT NULL
) ENGINE=InnoDB DEFAULT CHARSET=latin1 COLLATE=latin1_swedish_ci;

--
-- A tábla adatainak kiíratása `borito`
--

INSERT INTO `borito` (`id`, `megnevezes`) VALUES
(1, 'puhatáblás'),
(2, 'keménytáblás'),
(3, 'kartonált'),
(4, 'm?b?rkötés'),
(5, 'ragasztott'),
(6, 'cérnaf?zött, keménytáblás'),
(7, 'irkaf?zött'),
(8, 'spirál'),
(9, 'könyvköt?i kötés'),
(10, 'vászon'),
(11, 'félvászon'),
(12, 't?zött kötés'),
(13, 'b?r'),
(14, 'nyl kötés'),
(15, 'tok'),
(16, 'fémdoboz'),
(17, 'díszdoboz');

-- --------------------------------------------------------

--
-- Tábla szerkezet ehhez a táblához `felhasznalo`
--

CREATE TABLE `felhasznalo` (
  `email` text NOT NULL,
  `jelszo` text NOT NULL,
  `pontok` int(11) NOT NULL,
  `iranyitoszam` int(11) DEFAULT NULL,
  `utca` text DEFAULT 'none',
  `cim` text NOT NULL DEFAULT 'none',
  `telefonszam` text NOT NULL,
  `id` int(11) NOT NULL
) ENGINE=InnoDB DEFAULT CHARSET=utf8mb4 COLLATE=utf8mb4_hungarian_ci;

--
-- A tábla adatainak kiíratása `felhasznalo`
--

INSERT INTO `felhasznalo` (`email`, `jelszo`, `pontok`, `iranyitoszam`, `utca`, `cim`, `telefonszam`, `id`) VALUES
('kriszti@gmail.com', '$2y$10$JfalzsGLwVGbeZnmIXt8feCJ7pyDYIbu9u3dGWy39vj0RqicAASzS', 0, NULL, 'none', 'none', '', 1),
('kriszti05@gmail.com', '$2y$10$ZIQQuqKtgeyEE.ORdIjtU.iMmfvCDmIKa4kgFrwtX4E1ukUg62fEa', 0, NULL, 'none', 'none', '', 2);

-- --------------------------------------------------------

--
-- Tábla szerkezet ehhez a táblához `kategoriak`
--

CREATE TABLE `kategoriak` (
  `id` int(11) NOT NULL,
  `megnevezes` text NOT NULL,
  `tipus` int(11) NOT NULL
) ENGINE=InnoDB DEFAULT CHARSET=utf8mb4 COLLATE=utf8mb4_hungarian_ci;

--
-- A tábla adatainak kiíratása `kategoriak`
--

INSERT INTO `kategoriak` (`id`, `megnevezes`, `tipus`) VALUES
(1, 'életmód', 1),
(2, 'életrajzok', 1),
(3, 'gasztronómia', 1),
(4, 'gyerekkönyv', 1),
(5, 'hobbi', 1),
(6, 'ifjúsági', 1),
(7, 'irodalom', 1),
(8, 'képregény', 1),
(9, 'tansegédlet', 1),
(10, 'vallás', 1),
(11, 'zene', 2),
(12, 'film', 2);

-- --------------------------------------------------------

--
-- Tábla szerkezet ehhez a táblához `kosar`
--

CREATE TABLE `kosar` (
  `id` int(11) NOT NULL,
  `felhasznaloID` int(11) NOT NULL,
  `termekID` int(11) NOT NULL,
  `megrendelesID` int(11) NOT NULL
) ENGINE=InnoDB DEFAULT CHARSET=utf8mb4 COLLATE=utf8mb4_general_ci;

-- --------------------------------------------------------

--
-- Tábla szerkezet ehhez a táblához `megrendeles`
--

CREATE TABLE `megrendeles` (
  `id` int(11) NOT NULL,
  `kifizetve` tinyint(1) NOT NULL,
  `kisszalitva` tinyint(1) NOT NULL
) ENGINE=InnoDB DEFAULT CHARSET=utf8mb4 COLLATE=utf8mb4_hungarian_ci;

-- --------------------------------------------------------

--
-- Tábla szerkezet ehhez a táblához `termekek`
--

CREATE TABLE `termekek` (
  `id` int(11) NOT NULL,
  `cim` text NOT NULL,
  `alkoto` text NOT NULL,
  `megjelenes` text NOT NULL,
  `ar` int(11) NOT NULL,
  `boritoID` int(11) NOT NULL,
  `forgalmazo` text NOT NULL,
  `meret` text NOT NULL,
  `nyelv` text NOT NULL,
  `osszefoglalo` text NOT NULL,
  `kategoriaID` int(11) NOT NULL,
  `alkategoriaID` int(11) NOT NULL,
  `tipus` int(11) NOT NULL,
  `hossz` int(11) DEFAULT NULL,
  `allapotID` int(11) DEFAULT NULL,
  `pontok` int(11) DEFAULT NULL,
  `kepURL` text DEFAULT NULL
) ENGINE=InnoDB DEFAULT CHARSET=utf8mb4 COLLATE=utf8mb4_general_ci;

--
-- A tábla adatainak kiíratása `termekek`
--

INSERT INTO `termekek` (`id`, `cim`, `alkoto`, `megjelenes`, `ar`, `boritoID`, `forgalmazo`, `meret`, `nyelv`, `osszefoglalo`, `kategoriaID`, `alkategoriaID`, `tipus`, `hossz`, `allapotID`, `pontok`, `kepURL`) VALUES
(100000, 'Kiscsillag', 'Pippa Funnell', '2022', 850, 1, 'Manó könyvek', '13x19', 'magyar', 'Az Ezüstpatkó tanya és Cavandish Hall lovasai táborba készülnek, ahová mindenki magával viheti a lovát. Tilly Szellőrózsát választja, a tábori feladatok - mint például a díjlovaglás - azonban komoly kihívások elé állítják mindkettőjüket. Ráadásul Tilly gondolatai néha messze járnak, hiszen az Ezüstpatkó tanyán tavasszal új kiscsikó született, és elutazása előtt anyukája egy különös, régi fényképet mutatott Tillynek, mely vér szerinti édesanyját ábrázolja, aki a kép tanúsága szerint egykor maga is szenvedélyes lovas volt.\r\n', 4, 11, 1, 110, 2, 50, 'https://moly.hu/system/covers/big/covers_383226.jpg\r\n'),
(100001, 'Az elvarázsolt palota', 'Rosie Banks', '2020', 2200, 1, 'Manó könyvek', '13x19', 'magyar', 'Nelli, Fanni és Jázmin nagyon jó barátnők, ráadásul egy iskolába is járnak. Egy nap furcsa kis ládikót találnak az osztálytermükben. Hazaviszik, megtisztogatják, és a doboz tetején levő tükör egyszer csak fényleni kezd. Kiderül, hogy a varázslatos ládikó segítségével elrepülhetnek egy titkos, mesebeli birodalomba, ahol éppen Vidám király születésnapjára készül mindenki. A király testvére, Keserű királynő azonban gonosz tervet forral, tönkre akarja tenni az ünnepséget. Vajon sikerül a lányoknak megtörni a királynő sötét varázslatát?\r\n', 4, 11, 1, 111, 2, 0, 'https://s01.static.libri.hu/cover/8d/f/869988_4.jpg\r\n'),
(100008, 'Plüss invázió', 'Ken Derby-Kocsis Eszter', '2018', 200, 2, 'Cser Könyvkiadó', '27x15', 'magyar-angol', 'Patkánypofa és bandája világuralomra tör! Kétnyelvű mese, amelynek bábos illusztrációja elnyerte a japán JIA Illustration Award nemzetközi zsűrijének 2018. évi különdíját.\r\n', 4, 11, 1, 40, 2, 0, 'https://lira.erbacdn.net/upload/M_28/rek1/238/1547238.jpg\r\n'),
(100009, 'A fehér rózsa', 'Elia Zaharia Zogu', '2020', 2500, 2, 'Alexandra Könyvesház', '20x29', 'magyar', 'Egyszer volt, hol nem volt... Egyszer régen, Magyarország gyönyörű királyságában élt egy arany hajú grófkisasszony, aki a rózsák nyelvét beszélte! Ez a bizonyos kisasszony egy napon varázslatos utazásra indult a sasok földjére...\r\nOtt hat titokzatos hercegnő várta szeretettel, és a lány a sors által megírt úton járva elragadta egy magányos király szívét... Ez a tündérmese, drága gyerekek, nem olyan, mint a többi. Ennek főhőse valóban élt, nagyjából száz évvel előttünk, a mi országunkban. Geraldine volt a neve, de jósága és szépsége okán mindenki fehér rózsának hívta. Fedezzük fel együtt, hogyan lett egy magyar grófkisasszony eme távoli ország királynéja, és hogy mennyire szerette az albánok ismeretlen, ősi hagyományokkal és fehér fejfedőkkel teli országát!\r\n\r\n', 4, 11, 1, 64, 2, 0, 'https://s01.static.libri.hu/cover/5a/3/6710507_4.jpg\r\n'),
(100010, 'A viking', 'Bjorn Andreas Bull-Hansen', '2023', 3800, 3, 'Animus Kiadó', '15x21', 'magyar', 'Norvégia, 993. Az ifjú Thorstein tehetetlenül nézi végig, ahogy egy rájuk támadó rablóbanda brutálisan meggyilkolja az apját. Őt rabszolgaként elhurcolják, társaival együtt hónapokig a kegyetlen haramiák szeszélyeinek van kitéve. Egy nap túladnak rajta, új gazdája rabságából felszabadulva egy csendes halászfaluban lel otthonra. Békés élete nem tart sokáig, megismerkedik Hallvarddal, a jomsvikinggel. A harcosok közt is félve tisztelt elitkatonák hírneve nem alaptalan. A fájdalmat nem ismerő, jól képzett zsoldossereg csatában még sosem maradt alul, erejük, bajtársiasságuk és csillapíthatatlan harci szenvedélyük lenyűgözi a fiatal fiút, aki számos megpróbáltatás után végül maga is jomsvikinggé válik. A viking történelem legnagyobb tengeri ütközetében, a svolderi tengeri csatában szembetalálkozik apja gyilkosával - aki Norvégia királyának első embere... Erő, szenvedély, férfiasság. A világot egykor uraló vikingek igaz történelmi alapokra épülő, letehetetlen regénye.\r\n', 7, 26, 1, 558, 2, 0, 'https://book24.hu/img/boritok_cover/0p3nwlylgzc5bpcllpkv6lbeqmzufo6aa76znwsi_cover.jpeg\r\n'),
(100011, 'Ördögszekér', 'Abafáy-Deák Csillag', '2023', 200, 3, 'Parnasszus kiadó', '12x20', 'magyar', 'Döbbenetes a hasonlóság! Csillag előző három kötetében ujjongva fedeztem fel ezeket a két- sőt háromperces novellákat. Akkor még nem ismertem személyesen az írások szerzőjét, de valami megmagyarázhatatlan érzés vett erőt rajtam, nem csak értem, de érzem, régi ismerősként szólnak hozzám ezek a novellák. Ugyanígy gondolkodom, ilyen a munkamódszerem, a filmkészítés is a tömörítés művészete. Forgattam filmet a hetvenes években a világhírű Dino Buzzati írásaiból, akinél szinte teljesen azonos a látásmód a Csillagéval, és azóta hiába kerestem hasonlókat. Az élet legegyszerűbb témáiból kisrealista történetek, a valószínűtlen felnagyítása, a valóság tömör, legteljesebb ábrázolása és a történetek meglepetés katarzissal lezárása tett ezeknek az írásoknak őszinte rajongójává. Vérzik a szívem, hogy nem váltak filmekké a történetek, mert szükség lenne, ebben a rohanó világban, úgynevezett sketch-fimekre. Most itt a lehetőség filmes társaim tudomására hozni ezeket a remekműveket, hogy ne váljanak Ad acta-vá, ez ebben a kötetben az egyik kedvenc novellám.\r\n', 7, 20, 1, 200, 2, 0, 'https://s01.static.libri.hu/cover/3b/8/9855885_4.jpg\r\n'),
(100012, 'Enchanted to meet you', 'Meg Cabot', '2023', 2600, 3, 'Piatkus', '13x20', 'angol', ' In her teenage years, lovelorn Jessica Gold cast a spell that went disastrously wrong, and brought her all the wrong kind of attention—as well as a lifetime ban from the World Council of Witches. So no one is more surprised than Jess when, fifteen years later, tall, handsome WCW member Derrick Winters shows up in her quaint little village of West Harbor and claims that Jess is the Chosen One.\r\n', 7, 35, 1, 347, 2, 0, 'https://megcabot.com/wp-content/uploads/2022/08/Enchanted-to-Meet-You-680x1024.jpg\r\n'),
(100013, 'A pumpkin spice kávézó', 'Laurie Gilmore', '2024', 3100, 1, 'Pioneer Books Könyvkiadó Kft', '356gr', 'magyar', 'Jeanie Ellis azonnal kap a lehetőségen, amikor nagynénje felajánlja neki szeretett kávézóját, a Pumpkin Spice kávézót, hiszen végre megszabadulhat szörnyen unalmas irodai munkájától, és új életet kezdhet Dream Harbor aranyos kisvárosában. Azonban a beilleszkedés nem zökkenőmentes. Éjszakánként szörnyű ricsajra ébred, és egy kicsi kávézó is nagy gondokkal járhat, főleg, ha valaki szabotálni próbálja. Szerencséjére a kávézó egyik beszállítója a segítségére siet egy szerencsétlen baseballütős epizód után - ráadásul ez a beszállító kifejezetten jóvágású.\r\n', 7, 19, 1, 287, 2, 0, 'https://lira.erbacdn.net/upload/M_28/rek1/612/4361612.jpg\r\n'),
(100014, 'Egyes szám első személy', 'Murakami Haruki', '2024', 3200, 2, 'Geopen könyvkiadó Kft.', '13x20', 'magyar', 'Az egyes szám, első személy ezúttal nem száraz nyelvtani kategória, hanem Murakami Haruki új novelláskötetének sokatmondó címe. Nyolc remekbe szabott történetet rejt, személyes vallomásként elmesélve. A meg nem nevezett narrátor magányos, már nem fiatal ember, aki hol nosztalgikusan tekint vissza gyerekkorra, fiatalságra és felnőtté válásra, rég elillant kapcsolatokon, szerelmeken, veszteségeken, halálon merengve, máskor bizarr történetet mond el úgy, mintha magától értetődő valóság lenne. S hogy ez az elbeszélő maga a szerző-e, vagy valaki más, azt döntse el az olvasó, miközben elmerül a különös hangvételű, hol bölcs, hol szeszélyes, finom érzékletességgel megírt történetekben, amelyekből persze nem hiányzanak a világhírű japán íróra jellemző csavarok sem.\r\n', 7, 20, 1, 164, 2, 0, 'https://s01.static.libri.hu/cover/4d/a/11278796_4.jpg\r\n'),
(100015, 'Para', 'Réz András', '2023', 1900, 3, 'Trend Kiadó', '14x21', 'magyar', 'Egy különleges kapszulába zárt ápolónő. Egy kamu összeesküvés-elméleteket gyártó vlogger. Egy elveszetten kóválygó, nyugdíjas politikai káder. Észrevétlenül összefonódó sorsok. Réz András karcos hangú, humoros, szatirikus regénye a mind ködösebb múltról és a felénk settenkedő jövőről. Így volt, így lesz. Vagy nem.\r\n', 7, 19, 1, 208, 2, 0, 'https://mora.hu/content/2023/4/Product/rez_andras_para_borito.jpg\r\n'),
(100016, 'Jógalégzés', 'Patrick Mckeown', '2024', 4200, 3, 'Jaffa Kiadó és Kereskedelmi Kft', '16x23', 'magyar', 'Jógázunk, mert egy hosszú nap után szükségünk van az ellazulásra és a nyugalomra, mert ruganyosak akarunk maradni, mozogni, nyújtani szeretnénk, és a különböző ászanák kihívást jelentenek. A jóga azonban eredetileg nem erről szólt. Sokkal inkább a légzés és az ülés rendszere volt, még ha mára ettől jócskán el is távolodtunk. Pedig az ősi bölcsesség nagyszerűségét ma már tudományos eredmények bizonyítják - ezt mutatja be húsz év kutatómunkájának eredményeként ez az átfogó légzéslexikon.\r\n', 1, 1, 1, 382, 2, 0, 'https://s01.static.libri.hu/cover/13/1/10655808_4.jpg\r\n'),
(100017, 'Jessica Jones', 'Brian Michael Bendis', '2023', 3400, 1, 'Marvel Comics', '16x24', 'magyar', 'Egyszer régen jelmezes szuperhős volt - bár nem épp a legjobb. Képességeit egy lapon sem lehetett emlegetni a Marvel Univerzumot benépesítő álruhás legendákéval. Egyszerűen képtelen volt megtalálni a helyét köztük. Az azóta lecsúszott, önpusztító Bosszúangyal-jelölt ma már az Alias nyomozóiroda - a szuperhumán esetekre is specializálódott magánnyomozó kisvállalkozás - tulajdonosa és egyetlen alkalmazottja. Amint akaratlanul kideríti az egyik legnagyobb hős személyazonosságát, Jessica egy csapásra feláldozhatóvá válik. Éles elméje, képességei és intelligenciája segítségével átmenetileg talán túlélheti a viszontagságokat. Azonban a legmagasabb körökig érő összeesküvés közepébe csöppen, a kérdés pedig az, vajon túl sok hidat égetett-e fel maga mögött ahhoz, hogy segítségért folyamodhasson a régi barátaihoz...\r\n', 8, 27, 1, 50, 2, 0, 'https://digitalheroes.com/cdn/shop/products/STL143683_1000x1000.jpg\r\n'),
(100018, 'Batman: a fehér lovag átka', 'Sean Murphy', '2021', 4000, 2, 'Fumax Kft', '19x28', 'magyar', 'Joker szövetkezik Azraellel, hogy segítsen neki leleplezni a Wayne család hagyatékának döbbenetes titkát - és nem mellékesen tönkretenni Gothamet. Batman a város és veszélyben lévő szerettei segítségére siet, ám miután őseinek titka napvilágra kerül, kénytelen megkérdőjelezni mindent, amit eddig önmagáról és a Gotham életében betöltött szerepéről hitt.\r\n', 8, 27, 1, 272, 2, 0, 'https://kepregenymarket.hu/img/57090/9789634701910/250x250,r/9789634701910.webp?time=1719318002\r\n'),
(100019, 'Action dogs', 'Steve Barlow-Steve Skidmore', '2012', 2300, 1, 'Usborne Publising Ltd.', '13x20', 'angol', 'This book is a brilliant adventure following the crime fighting gang, Action Dogs. In the story, they defeat the evil Katmanchew’s plot to steal the world’s most priceless artworks from the Van der Hund museum! We still get a look into their normal lives as stray dogs in a pound, run by an unloving warden, but the thought of the next emergency to resolve keeps them motivated. The book is a fusion of novel and comic, with comic-like illustrations throughout. There is low-level humour and it is one in a series of adventures following the canine savers-of-the-day.\r\n', 8, 27, 1, 140, 2, 0, 'https://m.media-amazon.com/images/I/61QDWsC7vKL._AC_UF894,1000_QL80_.jpg\r\n'),
(100020, 'Coffee guide', '?', '2022', 3400, 1, 'Verlag Gmbh', '11x22', 'angol', 'The Coffee Guide is the world\'s most extensive, hands-on and neutral source of information on the international coffee trade. It covers trade issues relevant to coffee growers, traders, exporters, transportation companies, certifiers, associations and authorities, and other relevant actors. Many in the coffee industry consider it the go-to reference.\r\n', 3, 8, 1, 370, 2, 0, 'https://s01.static.libri.hu/cover/cc/4/10724204_4.jpg\r\n'),
(100021, 'Szerencsés kutya leckék', 'Brandon McMillan', '2017', 2200, 2, 'Gabo Könyvkiadó és Keresk. Kft.', '16x23', 'magyar', 'A hírességek kutyatrénere, és a CBS Emmy-díjas Szerencsés kutya műsorának házigazdája megosztja képzési módszerét, amellyel bármilyen kutyából – az elkényeztetett fajtatiszta kölyöktől a menhelyi sokkot kapott kutyáig – csupán hét nap alatt példamutató társat farag.\r\n', 5, 14, 1, 336, 2, 0, 'https://s01.static.libri.hu/cover/82/4/3899778_4.jpg\r\n'),
(100022, 'Cicológia', 'Stefan Gates', '2023', 3000, 2, 'Corvina Kiadó', '13x19', 'magyar', 'Sokan irigyeljük a macskákat. Velünk, emberekkel ellentétben mindig azt csinálják, amit akarnak. Lustálkodnak, ha ahhoz van kedvük, és vadásznak, ha ahhoz. Ismeretlen számukra az önbizalomhiány, a féltékenység, nem éreznek bűntudatot, egyszóval nem terhelik őket elvont, erkölcsi problémák. Ezek után meglepő, hogy egyáltalán szóba állnak velünk. Pedig a tapasztalat azt mutatja, hogy nemcsak nekünk van szükségünk rájuk, hanem ők is ragaszkodnak hozzánk. A maguk módján, persze. Stefan Gates Cicológiája ezt a macskamódot járja körül sok szeretettel és még több humorral.\r\n', 5, 14, 1, 159, 2, 0, 'https://p1.akcdn.net/books/full/38475900.jpg\r\n'),
(100023, 'Kötés kezdőknek', '?', '2019', 2600, 1, 'Kossuth Kiadó', '779gr', 'magyar', 'A hobbikötés reneszánszát éli. Az idősebb generációk tudása új életre kel modern művészeti formaként és kikapcsolódásként. Napjainkban is népszerű időtöltés a divatos és pénztárcakímélő saját ruhadarabok, ajándékok és dekorációk készítése. A kötet bemutat minden szükséges eszközt és módszert, amely a kötés tanulásához szükséges.\r\n', 5, 15, 1, 152, 2, 0, 'https://www.kossuth.hu/image/orig/kotes-kezdoknek-bookazine.jpg\r\n'),
(100024, 'Horgolás kezdőknek', '?', '2018', 2600, 1, 'Kossuth Kiadó', '759gr', 'magyar', 'A horgolás mint hobbi az utóbbi években reneszánszát éli, továbbadva a tudást a fiatalabb korosztály számára. Manapság is népszerű időtöltés a divatos és pénztárcakímélő saját ruhadarabok, ajándékok és dekorációk készítése. A kötet bemutat minden szükséges eszközt és módszert, amely a horgolás tanulásához szükséges, a legelső láncszemektől az olyan díszítő elemekig, mint a rojt és a szegély. Ha elsajátítottuk ezeket a technikákat, a gyakorlatban is kipróbálhatjuk őket a kezdőknek szánt darabok elkészítésével, könnyen érthető mintaleírások alapján.\r\n', 5, 15, 1, 162, 2, 0, 'https://konyvklub.sk/files/images/horgolas%20kezdoknek_0.jpg\r\n'),
(100025, 'Művészeti alaptechnikák:rajzolás', 'Chelsea Ward', '2020', 5000, 1, 'Gabo Könyvkiadó és Keresk. Kft.', '22x29', 'magyar', 'Tanuljuk meg használni az alapvető rajztechnikai szabályokat, és hozzunk létre friss, kifejező alkotásokat. A kötetben található kreatív gyakorlatok segítségével élvezetes módon fedezhetjük fel a különféle rajzeszközöket és alapanyagokat. Azt is megtanuljuk, hogyan nézzünk rá a modellünkre, és örökítsük meg egyedi, modern stílusban.\r\n', 5, 16, 1, 128, 2, 0, 'https://s01.static.libri.hu/cover/00/5/5978176_4.jpg\r\n'),
(100026, 'Szabás-varrás', 'Cser Ferencné', '1976', 950, 1, 'Magyar Nők Országos Tanácsa', '14x20', 'magyar', 'A szerző ebben a kötetében is ismerteti a varrás alapfogalmait, s az egyes öltés- és varrásfajtákat, továbbá a hazai üzletekben kapható kelméket. Egyben tájékoztatja az olvasót arról, hogy melyik anyag milyen ruhafélék elkészítésére alkalmas, hogyan kezelendő és általában milyen szélességű. A műbőr és a bőr felhasználásáról is szól a szerző, hiszen a mai divat szívesen alkalmazza díszítőelemként vagy önállóan.\r\n', 5, 15, 1, 505, 2, 50, 'https://marvin.bline.hu/product_images/121/1111005882481.JPG\r\n'),
(100027, '400 tanács kutyabarátoknak', 'Manfred Koch-Kostersitz', '2006', 1900, 2, 'Fiesta Stúdió Könyvkiadó Kft', '17x14', 'magyar', 'Ebben a kitűnő könyvben minden olyan lényeges kérdésre választ talál, melynek megértő alkalmazásával kölcsönös barátságot köthet az Ön szakértő gondoskodására vágyó négylábú társával.\r\n', 5, 14, 1, 108, 3, 0, 'https://moly.hu/system/covers/big/covers_310439.jpg\r\n'),
(100028, 'A játékkártya és története', 'Zsoldos Jenő', '1980', 850, 1, 'Gondolat zsebkönyvek', '11x18', 'magyar', 'A ​játék mint szórakozási forma, egyidős az emberiséggel. A homo ludens mindenkor megtalálta az eszközt és a módot, hogy szórakozzék és játékos kedvét kielégítse. A társasjáték és a lényegét képező versengés mint társadalmi jelenség, végighúzódik az emberiség történetén. Az egyik legrégibb társasjáték, a kártyajáték annyira népszerűvé vált, hogy része lett társas életünknek. Keletkezése, kialakulása tisztázatlan, századokra visszamenően alig maradtak fenn róla hitelt érdemlő feljegyzések. A legkorábbi forrás egy, a XVII. századból származó kínai enciklopédia, amely szerint a mai kártyajátékokhoz hasonló játék már 1120-ban ismert volt Kínában.\r\n', 5, 17, 1, 127, 2, 50, 'https://marvin.bline.hu/product_images/19/2399978328833P.JPG\r\n'),
(100029, 'Taschenbuch der textilen Raunmausstattung', 'Wilham Artz', '1973', 2300, 4, 'Fahverlag Schiele & Schön Gmbh', '10x16', 'német', 'Taschenbuch der textilen Raumausstattung Herausgeber: Wilhelm Artz von 1989, 318 Seiten, sehr interessant illustriert Fachverlag Schiele & Schön GmbH Inhalt: Fensterdekorationen von Raumausstattermeister Wilhelm Scholt Styling am Fenster - eine Marketingaufgabe Für Atelier und Werkstatt Neuheiten in der textilen Raumausstattung Entwicklungstendenzen in Design und Farbgebung und vieles mehr - Inneneinrichtung - Design - Innenarchitektur - Innendesign Zustand: gute Erhaltung 284g 417-F10 Sprache: Deutsch Gewicht in Gramm: 284. Bestandsnummer des Verkäufers 20908\r\n', 5, 15, 1, 434, 2, 0, 'https://images.booklooker.de/x/03076014_MTg2MDIz/Wilhelm-Hrsg-Artz+Taschenbuch-der-textilen-Raumausstattung.jpg\r\n'),
(100030, 'Varrjunk gyerekeknek', 'Bajzáth Katalin', '2002', 1700, 2, 'Magyar Könyvklub Kft', '21x26', 'magyar', 'A divattervező Bajzáth Katalin neve jól ismert a hazai könyvpiacon. Fantáziadús modelljei mellett könyvei fő értéke a precíz leírás, a könnyen lemásolható szabásminták. Nyártól télig és téltől nyárig minden alkalomra, napszakra javasolt ruhákat a kisbabák korosztályától egészen a kiskamaszokig.\r\n', 5, 15, 1, 112, 2, 0, 'https://s01.static.libri.hu/cover/86/3/11344463_4.jpg\r\n'),
(100031, 'PONS-Don\'t get me wrong', 'Brian Brennon - Rosa Plana', '2019', 3300, 5, 'Rasbe Klett Oktatási Tanácsadó', '14x18', 'angol-magyar', 'A könyv célja a könnyed és laza társalgás elsajítása, valamint az, hogy felébressze a benned rejtőző igazi angolt! A kiadvány közel 70 témában, a köznyelvi használattól a választékos beszédig adja a kezedbe az összes olyan kifejezést, amellyel változatosan, találóan és természetes angolsággal fejezheted ki magad! Végre úgy ismerheted meg az angol nyelvet, ahogyan azt az utcán, az interneten, vagy a filmekben használják az anyanyelviek.\r\n', 9, 28, 1, 286, 2, 0, 'https://marvin.bline.hu/product_images/1278/2399984576945P.JPG\r\n'),
(100032, 'Vot éto Rusziá!', 'Mihalik Márta', '2018', 3100, 1, 'Holnap Kiadó Kft', '16x23', 'orosz-magyar', 'Az orosz középszintű és emelt szintű szóbeli érettségi vizsgára, valamint a középfokú szóbeli nyelvvizsgára készülőknek nyújt segítséget. A kiadvány célja, hogy szimulálja a fent említett szóbeli nyelvvizsgákat: kérdezz-felelek megadott témákban, egy szituáció eljátszása, emelt szinten vita, érvelés, valamint kép alapján történő beszélgetés.\r\n', 9, 28, 1, 192, 2, 0, 'https://cdn.kello.hu/webshop/images/300/fs01//20180322121500/K3001034560.jpg\r\n'),
(100033, 'A magyar helyesírás szabályai', 'MTA', '2021', 3400, 6, 'Akadémiai Kiadó Kft', '692gr', 'magyar', 'A magyar helyesírás új, a Magyar Tudományos Akadémia által alkotott és jóváhagyott szabályzata: a 12. kiadás.\r\n', 9, 30, 1, 652, 2, 0, 'https://lira.erbacdn.net/upload/M_28/rek1/279/914279.jpg'),
(100035, 'Lazán németül I.', 'Maklári Tamás', '2004', 2000, 1, 'Studium Bt', '536gr', 'magyar', 'E könnyed hangvételű nyelvkönyvben igyekeztem két számomra szimpatikus hagyományt ötvözni egymással: a klasszikus magyar nyelvkönyvek alaposságát a nyugati nyelvkönyvek könnyed, laza stílusával, hasonlóképpen a westernfilmek főhőséhez, aki nem egy szokványos hatlövetűt szeretne az eladótól, hanem az egyik csövét, a másiknak a markolatát, a harmadiknak a ravaszát tartja ideálisnak, hogy végül mindezekből a saját fazonjához illőt rakjon össze A cím pedig senkit ne tévesszen meg: ha két tanítási stílushoz hasonlítanánk, a hullámlovaséhoz és a szántóvetőéhez, akkor az olvasmányok stílusa minden bizonnyal a hullámovasok gondtalan, legkisebb ellenállást kereső manővereihez hasonlítana, munkamódszere és gyakorlatai viszont a szántóvetőé, aki addig nem nyugszik, amíg ekéjét mélyre nyomva porhanyósra nem szántotta vele a tarlót.', 9, 28, 1, 329, 3, 0, 'https://lira.erbacdn.net/upload/M_28/rek1/724/78724.jpg'),
(100036, 'Oxford angol nyelvtan', 'Norman Cole - Mark Harrison - Ken Paterson', '2018', 4500, 1, 'Oxford University Press', '766gr', 'angol-magyar', 'Az Oxford Angol Nyelvtan magyar nyelven nyújt megbízható segítséget az angol nyelv tanulásához. Különösen hasznos a nyelvvizsgára vagy az érettségi vizsgára készülők számára, hiszen áttekinti és gyakoroltatja az angol nyelvtan minden területét. Használható középiskolában és nyelvtanfolyamokon kurzuskönyvek kiegészítőjeként (pl. Headway, English File, Horizons, Matrix), de hasznos segítője lehet azoknak is, akik otthon, egyéni tanulás során kívánják nyelvtudásukat fejleszteni.', 9, 28, 1, 416, 2, 0, 'https://s02.static.libri.hu/cover/b0/f/617785_4.jpg'),
(100037, 'Get started in Swedish', 'Vera Croghan - Ivo Holmquirt', '2013', 5000, 1, 'Hodder&Stoughton Ltd', '13x19', 'svéd', 'If you are looking for a solid foundation to your language studies for school, work or travel, this engaging course will get you speaking, writing, reading and understanding Swedish in no time. Through authentic conversations, clear language presentations, and extensive practice and review, you will learn the Swedish you need to communicate naturally in everyday situations - from booking a hotel room to talking about friends and family.', 9, 28, 1, 146, 2, 0, 'https://m.media-amazon.com/images/I/71J2NCvE6IL.jpg'),
(100038, 'Német beszédfordulatok A-Z', 'Müller József', '2002', 3000, 6, 'Mozaik Oktatási Stúdió Kft', '12x16', 'német-magyar', 'A leggyakoribb német beszédfordulatok, frazeológiai egységek, idiómák gyűjteménye', 9, 28, 1, 480, 2, 0, 'https://radayantikvarium.hu/RadayPictures/68762_1.jpg'),
(100039, 'Intercultural learning', 'Caroline Laidlaw', '2001', 3200, 1, 'Nemzeti Tankönyvkiadó Kft', '20x28', 'angol', 'A resource book for primary teachers of English', 9, 28, 1, 112, 2, 0, 'https://www.jegyzetelte.hu/parameters/jegyzetelte/documents/BookShopAdv/konyvek/6602377fe63a52830104caac7449961d_20m.jpg'),
(100040, 'In the wild', '?', '2019', 1500, 7, 'Alligator Books', '21x30', 'angol', 'Sticker Activity Book', 4, 12, 1, 20, 2, 0, 'https://s01.static.libri.hu/cover/5d/b/10313898_4.jpg'),
(100041, 'Detektív képző', 'Török Ágnes', '2015', 1900, 8, 'Dinasztia Tankönyvkiadó Kft', '10x15', 'magyar', 'A füzetek valóban akkorák, hogy az ellenőrző táblával együtt elférnek a zsebünkben. Ezért alkalmasak arra, hogy akár utazás közben a buszon, villamoson, metrón is játszhasson vele a gyerek, vagy játékos kedvű felnőtt. Kialakítása miatt nem esik szét, nem apró darabokból van, hanem egységet képez a feladatokat tartalmazó füzet és a műanyag tábla.', 4, 13, 1, 23, 2, 0, 'https://s01.static.libri.hu/cover/7e/7/11036346_4.jpg'),
(100042, 'A játékkészítő', '?', '2015', 950, 1, 'Tulipántündér Kft', '14x18', 'magyar', 'Kreatív akciónapló', 4, 13, 1, 117, 2, 50, 'https://s01.static.libri.hu/cover/3c/8/10558652_4.jpg'),
(100043, 'Olvasótanonc', 'Nagyné Malicsek Ágnes', '2010', 900, 7, 'Dinasztia Tankönyvkiadó Kft', '19x15', 'magyar', 'Irodalmi rejtvényfüzet 11 éves kortól', 9, 29, 1, 40, 2, 0, 'https://s01.static.libri.hu/cover/b2/0/5922536_4.jpg'),
(100044, 'Számoljunk együtt 1-től 100-ig', 'Amye Rosenberg', '1992', 1400, 2, 'Lilliput Könyvkiadó', '22x26', 'magyar', 'Jaj de izgalmas feladat! Hát még ha azt is kiszámolod, hogy hány kereke van a teknősök taligáinak, hány cukrászinas fején van sapka, mennyi ürgelábra nem jutott csizma, s a kalózhajóknak összesen hány ablaka van.', 9, 29, 1, 36, 2, 0, 'https://moly.hu/system/covers/big/covers_41824.jpg'),
(100045, 'Séta betűországban', '?', '1955', 1500, 4, 'Turan Printing&Bindery', '15x21', 'magyar', 'Az I-II. osztály írás-olvasás könyve', 9, 29, 1, 127, 2, 0, 'https://s05.static.libri.hu/cover/71/d/9062007_4.jpg'),
(100046, 'Látogatás a vonalak birodalmába', 'Szabó Szilvia', '2024', 4500, 1, 'Fejlesztő Élménytár könyvkiadó', '550gr', 'magyar', 'Komplex grafomotorika fejlesztő program iskolakezdés előtt álló gyermekeknek. Mottó: Készülj játszva, tanulj könnyen az iskolában!', 9, 29, 1, 164, 2, 0, 'https://betubazar.hu/img/73656/LB621/456x456,r/LB621.webp?time=1615404062'),
(100047, 'Fess az ujjaddal - Járművek', '?', '2023', 2300, 7, 'Napraforgó', '112gr', 'magyar', 'A kicsik szeretnek maszatolni... Miért ne használhatnák ecset helyett az ujjukat? Ebben a füzetben, a mellékelt festékpárnák segítségével ők maguk fejezhetik be a képeket, alkothatnak, pöttyözhetnek, maszatolhatnak... ami nem hogy tilos, hanem határozottan ajánlott! Igazi kreatív elfoglaltság várja őket a lapokon.', 4, 12, 1, 16, 1, 0, 'https://lira.erbacdn.net/upload/M_28/rek1/572/3827572.jpg'),
(100048, 'Spectacular', 'Stephanie Garber', '2024', 4500, 3, 'Kolibri Gyerekkönyvkiadó', '400gr', 'magyar', 'A nagy ünnep elő-előestéje. Scarlett Dragna fantasztikus ünnepséget tervez a városa számára. Donatella a tökéletes ajándékot keresi. Julian botrányosan jól néz ki zöldben. És Legend… Sajnos Legend nem szíveli a nagy ünnepet. Tella abban reménykedik, hogy a tökéletes meglepetés majd jobb belátásra téríti. Viszont még nem találta meg a megfelelő ajándékot, pedig itt a nagy ünnep elő-előestéje. De talán egy kis ünnepi varázslat ezen is segít...\r\nA Stephanie Garber világsikerű Caraval-sorozata után játszódó vidám kisregény élete legnagyobb ünnepi kalandjára viszi az olvasót, teli felhúzhatós bábuval, mérgezett cukorkával, huncut hógömbbel, vigassággal és - ha Tella sikerrel jár - szerelemmel.\r\nA Rosie Fowinkle szemkápráztató illusztrációival a Spectacular tökéletes ajándék gyűjtőknek, olvasóknak, álmodozóknak és az ünnepi varázslat szerelmeseinek.\r\nLégy üdvözölve újra a CARAVAL világában... ahol még az ünnepek sem azok, aminek látszanak.', 6, 18, 1, 224, 2, 0, 'https://assets.mmsrg.com/isr/166325/c1/-/ASSET_MMS_146531847/mobile_786_587_png/Stephanie-Garber---Spectacular'),
(100049, 'Papierflieger', '?', '2018', 1600, 1, 'Schwager&Steinlein Verlag', '21x28', 'német', 'Tolle Papierflieger basteln ganz leicht! Papierflieger ganz einfach falten und durch die Luft gleiten lassen! In diesem Buch finden sich 17 verschiedene Modelle: von einfach für Einsteiger bis raffiniert für Experten. Mit den leicht verständlichen Anleitungen und den anschaulichen Step-by-Step-Zeichnungen lassen sich alle Modelle sehr gut nachbauen. QR-Codes verlinken zu nützlichen Videos, in denen jeder Flieger vorgefaltet wird. Einfach das passende Faltpapier aus dem Buch heraustrennen und loslegen!.', 4, 13, 1, 50, 2, 0, 'https://c.wgr.de/i/artikel/280x/978-3-401-71888-0.jpg'),
(100050, 'Powerless', 'Lauren Roberts', '2024', 4200, 5, 'Lampion Könyvek', '562gr', 'magyar', 'Ilyában évtizedek óta csak az Eliteket tűrik meg. Amióta a király kihirdette, hogy minden Átlagost száműzni kell a birodalomból, bűnnek számít, ha valakinek nincs természetfeletti képessége. Paedyn Átlagos, gyerekkora óta az életét kockáztatja azzal, hogy a város nyomornegyedében bujkál, és Látnoknak adja ki magát. Egy nap tudtán kívül megmenti Kait, Ilya egyik hercegét, majd arra kényszerítik, hogy részt vegyen egy könyörtelen viadalon, aminek az egyedüli célja, hogy az Elitek fitogtathassák az erejüket. A lányra nemcsak a nála jóval tapasztaltabb ellenfelei jelentenek veszélyt, hanem a herceg iránt egyre erősödő érzései is...', 6, 18, 1, 520, 1, 0, 'https://encrypted-tbn0.gstatic.com/images?q=tbn:ANd9GcTsk0Pbc7UM2Iu-JO0cr7Jbh7MsImpRBf7-hw&s'),
(100051, 'Mindig történik VALAMI a Deákban', 'Leiner Laura', '2024', 4900, 3, 'Laulin Kft', '430gr', 'magyar', 'Farkas Roni, tizenegyedikes gimnazista egy nap váratlanul névtelen üzenetet kap arról, hogy a fiú, akivel nemrég kezdtek alakulni a dolgai, éppen egy másik lánnyal tölti az estét. Roni azonnal véget vet a kapcsolatnak, azonban a küldő kiléte néhány nap elteltével sem hagyja nyugodni, ezért elhatározza, hogy megkeresi a Budapest szívében található, patinás múlttal rendelkező, hatalmas és nagy létszámú Deák Gimnázium tanulói között a segítőjét.', 6, 18, 1, 448, 2, 0, 'https://lira.erbacdn.net/upload/M_28/rek1/465/4334465.jpg'),
(100052, 'Kutyabajok', 'Kőrössy P. József', '1987', 970, 1, 'Kozmosz Könyvek', '300gr', 'magyar', 'Válogatás pályakezdő irók műveiből.', 7, 18, 1, 236, 2, 70, 'https://marvin.bline.hu/product_images/576/2399998442571P.JPG'),
(100057, 'A harag népe', 'Kelecsényi László', '2021', 2400, 1, 'K.U.K. Könyv- és Lapkiadó Kft', '13x20', 'magyar', 'A harag népe megtörtént eseményt tesz általánossá, azt a zaklatási ügyet, ami az amerikai filmvilágban kirobbanva nálunk is felbátorította az áldozatokat, hogy elégtételt követeljenek az elszenvedett megaláztatásokért.', 7, 22, 1, 185, 2, 0, 'https://s01.static.libri.hu/cover/97/2/7718729_4.jpg'),
(100058, 'Százéves táncosnő', 'Berkovits György', '2019', 1500, 3, 'L\'Hamattan Kft', '15x22', 'magyar-angol', 'A Százéves táncosnő Berkovits György második drámakötete. Az első, öt színdarabból álló Abreál 2002-ben jelent meg. Átírta két színdarabját, az Abreált, szigorúbb szerkezetbe ágyazva, Százéves táncosnő, címmel, és az előző változatnál sokkal kiemeltebben hangsúlyozva azt a két motívumot, amelyre a darab épült, miszerint a százéves táncosnő úgymond élve temette el férjét, amely persze semmi más, mint a zsidó sors metaforája; és szintén jobban hangsúlyozva, hogy a szintén táncosnő, nyolcvanéves lánya politikai parancsra, felsőbb utasításra vált el a férjétől, mert ha nem teszi, akkor mindent kockára tesz, az életét is.', 7, 22, 1, 222, 2, 0, 'https://lira.erbacdn.net/upload/M_28/rek1/92/1673092.jpg'),
(100059, 'Pillanat - Dramolett', 'Tamási Miklós', '2018', 1400, 1, 'Magánkiadás', '15x21', 'magyar', 'Az ősbemutatóról: A Soproni Egyetem, együttműködve Sopron Megyei Jogú Város Önkormányzatával, az idei év decemberétől jövő év áprilisáig tartó rendezvénysorozattal emlékezik meg arról a 100 évvel ezelőtti eseményről, amikor Selmecbányáról a Magyar Királyi Bányászati és Erdészeti Főiskola Sopronba költözött. Ennek a rendezvénysorozatnak egyik különleges eleme Tamási Miklós Pillanat című dramolettjének ősbemutatója a Soproni Petőfi Színházzal együttműködésben. Tamási Miklós: Pillanat című könyvét bemutatja, és a könyvet tanulmányokkal ellátta: dr. ifj. Sarkady Sándor.', 7, 22, 1, 76, 2, 0, 'https://marvin.bline.hu/product_images/1024/2399982421933P.JPG'),
(100060, 'Emily', 'Jilly Cooper', '2024', 3400, 3, 'Jaffa Kiadó és Kereskedelmi Kft', '14x20', 'magyar', 'Emilynek, a bájos londoni társaságbeli lánynak tulajdonképpen esze ágában sem lett volna buliba menni. Elvégre megígérte a vőlegényének, az ígéretes karrier előtt álló, ifjú parlamenti képviselőnek, hogy egyszer s mindenkorra felhagy a vad partizással. Valahogy mégis ott találja magát mélyen dekoltált koktélruhában a barátnője bulijában, ahol első pillantásra beleszeret a legszívdöglesztőbb vendégbe, az ellenállhatatlanul vonzó skót festőművészbe, Roryba.', 7, 18, 1, 248, 2, 0, 'https://s01.static.libri.hu/cover/06/b/10655809_4.jpg'),
(100061, 'Féreg mentál', 'Dave Howard', '2023', 3800, 1, 'Tuan Kiadó', '14x19', 'magyar', 'Az út a Purgatóriumra, a kettéhasadt planétára, a császárság rettegett börtönbolygójára vezet. Susan G. Black a kalandornő, William Kirby a császári feketecsuklyás, Delaware John egy kalóz unokaöccse, és még jónéhány életrevaló, ám vakmerő kalandor a bolygó vasmagjának mélyén a végzetével találkozik: halállal, reménnyel, lemondással és az egymás ellen való szükségszerű és szívet tépő harc következményeivel! És végül kiderül, hogy mit jelent Féregmentálnak lenni, és hogy egy kívánság sem érhet többet, mint amit feladni vagyunk képesek érte!', 7, 25, 1, 528, 2, 0, 'https://marvin.bline.hu/product_images/1135/ID22-342848.JPG'),
(100062, 'Az utolsó gyarmat', 'John Salzi', '2023', 2700, 5, 'Agave Könyvek Kiadó Kft', '14x21', 'magyar', 'Katonai szolgálata végeztével John Perry leszerelt, és eseménytelen veteránéveit Huckleberry távoli bolygóján tengeti, ahol a Gyarmati Szövetség falusi békebírójaként a telepesek tyúk- és kecskepereiben szolgáltat igazságot. A korábban a Különleges Erőknél szolgáló feleségével, Jane Sagannel él együtt, több hektáros tanyájukon földet művelnek, és büszkeségtől dagadó kebellel figyelik, hogyan cseperedik örökbefogadott lányuk, Zoë. A falusi idill nyolc évét azonban egy csapásra fenekestül felforgatja, amikor a Gyarmati Szövetség fejese kopogtat a portájukon. Az emberek gyarmatbirodalma ugyanis politikai válság szélére sodródott: a maroknyi telepes segítségével létesített egykori kolóniák az évek során annyira megerősödtek, hogy egy ideje maguk is gyarmatosítási jogot követelnek saját bolygóiknak.', 7, 25, 1, 294, 2, 0, 'https://moly.hu/system/covers/big/covers_541205.jpg'),
(100063, '#jóéjtpuszi', 'Lackfi János', '2024', 3700, 2, 'Harmat Kiadói Alapítvány', '14x21', 'magyar', 'Jézus sosem gördeszkázott volna a kicsinyekkel. Vagy mégis?  Istennek annyi dolga van, meghalni sem ér rá. Vagy mégis? És pont énértem? Jézus profilképet váltott: I stand with humanity. És bűnösökkel is barátkozik? Jelentkezzünk azonnal elvonókúrára. Vagy jobb, ha Istentől vagyunk részegek? Akarunk moldvai zenére táncolni a Szentháromsággal? Vagy kitekerni a kegyelmeket Isten kezéből, ahogy az ovis küzd a kismotorért? Lackfi János jóéjtpuszija tűzzel, szenvedéllyel szólnak a hitről, és szédítő száguldásra invitálnak Isten kalandparkjában.', 7, 21, 1, 256, 2, 0, 'https://www.harmat.hu/wp-content/uploads/2021/02/joejtpuszi_borito.jpg'),
(100064, 'Hol lakik Künikosz?', 'Fogarassy Attila', '2021', 1900, 2, 'Magánkiadás', '14x20', 'magyar', 'Versek, táncszók, szótáncok', 7, 21, 1, 109, 2, 0, 'https://fogarasy.hu/konyvek/kunikosznagy.jpg'),
(100065, 'Az angyalok nem sírnak', 'Érsek-Obádocics Mercédesz', '2021', 1500, 1, 'Scolar Kiadó Kft', '10x17', 'magyar', 'Az angyalok nem sírnak kíméletlenül őszinte kötet. A versek beszélője szinte élve boncolja önmagát, vállalva a kiszolgáltatottság terhét és bevallva a szeretet iránti hiábavaló vágyakozást. A tönkrement kapcsolatok emlékeit fésüli át, bolyong a kiismerhetetlen érzelmek erdejében, felidéz, s tanácstalanul keresi a válaszokat: miért bomlik meg minden. Minden érzékszervünkkel érezzük a páros magány felé sodródó viszonyok megoldhatatlanságát, vagy a felfoszlott szövetű családi kötelékek lenyomatát. Félelem, magány, társtalanság - mely üvöltéssé és kétségbeesett könyörgéssé olvad össze e megrázóan fájdalmas kötetben.', 7, 21, 1, 80, 2, 0, 'https://scolar.cdn.shoprenter.hu/custom/scolar/image/data/productimg600RGB/Az%20angyalok%20nem%20sirnak.jpg.webp?lastmod=1719907258.1709289445'),
(100066, 'Decemberben nyíilik ki a szívem', 'Bradányi Iván', '2021', 1500, 3, 'Barnaföldi Gábor Archívum', '12x21', 'magyar', 'Bradányi Iván dalszövegíró, műfordító, író versei.', 7, 21, 1, 215, 1, 0, 'https://s01.static.libri.hu/cover/0a/0/10849923_4.jpg'),
(100067, 'Hősöm', 'Erdős Virág', '2020', 1600, 2, 'Magvető Kft', '17x19', 'magyar', 'A Hős utcában található Budapest legnagyobb, jelenleg felszámolás alatt álló szegregátuma. Erdős Virág az utóbbi néhány évben sok időt töltött az itt élő gyerekek és felnőttek között, a versek az ő történeteiknek adnak hangot. A könyvben látható fotókat a szerző készítette a helyszínen.', 7, 21, 1, 120, 2, 0, 'https://s01.static.libri.hu/cover/b5/6/6275696_4.jpg'),
(100068, 'Climate worrier', 'Colm O\'regan', '2022', 2400, 1, 'Harper Collins Publishers', '13x20', 'angol', 'A hypocrite\'s guide to saving the planet.', 7, 18, 1, 291, 2, 0, 'https://cdn11.bigcommerce.com/s-vrffsdcwm/images/stencil/500x659/products/187083/209024/20240327_113732__90068.1711619977.jpg?c=2'),
(100069, 'Rendőr-e a fekvőrendőr?', 'Farkas-Ráduly Melánia', '2021', 1900, 1, 'Comectus Libris', '21x15', 'magyar', 'Iránytű humorkedvelő nyelvhasználóknak', 7, 18, 1, 143, 2, 0, 'https://hetiujszo.ro/wp-content/uploads/2022/03/Rendor-e-a-fekvorendor-300x216.jpg'),
(100070, 'Az agyam eldobom', 'R. Kelényi Angelika', '2021', 5000, 2, 'Álomgyár Kiadó', '14x20', 'magyar', 'A könyv íróját aki pánikbetegségének felbukkanása előtt nemcsak bírta a tömeget, de kereste is; kifejezetten boltkóros volt, a legsűrűbb szórakozóhelyeket kedvelte, és sosem mondott nemet a mozira, színházra egyik percről a másikra mindettől félelem kerítette hatalmába. Ezt a naplót saját tapasztalatai alapján jegyezte le, önsajnálat nélkül, fanyar öniróniával. A pánik nemcsak a depresszióval, hanem a hipochondriával is kézen fogva jár. Kemény munka megküzdeni vele, s van, akinek sikerül, van, akinek nem. R. Kelényi Angelika úgy gondolja, meggyógyult. Ehhez azonban idő kellett, és sok-sok minden más is.', 7, 18, 1, 262, 2, 0, 'https://lira.erbacdn.net/upload/M_28/rek1/781/2573781.jpg'),
(100071, 'Egy a ráadás', 'Lackfi János', '2016', 1900, 6, 'Helikon Kiadó', '14x20', 'magyar', 'Létezik-e olyan ország, ahol kolbászból van a kolbász? Ami konfekcióméret, mégsem töri a bütykömet? Amit bárki megengedhet magának? Ami még a csapból is folyik? Ami fel van virágozva, de nem rézágyú, nem is vízágyú? Ami ha még egyszer azt üzeni, mindnyájunknak el kell menni? Ahol mindaz, amit mondok, nem használható fel ellenem? Ahol nem csak az ügyvédem jelenlétében nyilatkozhatok? Ami nem kínai, csak Kínában gyártják? Ahol egyet fizetek, kettőt kapok? Ahol ha egyet fizetek, nem olyat kapok, hogy a fal adja a másikat? Ami nem okoz komoly fejfájást, legfeljebb komoly fejtörést? Ahol nem várható keletről komoly frontátvonulás? Ahol az árak a földön járnak, a bérek meg az égben? Ahol hogyha nékem sok pénzem lesz, felülök a repülőre? Ahol szeretném a homokórát megállítani? Ahol úgy élek, hogy majdnem belehalok? Ahol mindenütt jó, de legjobb? Ahol otthon vagyok minden otthonban? Ahol dúl a létharc, ahol hemzsegnek a fénylátók, ahol szakítás után kettéhasítják a bútorokat, ahol Luxemburgot hazánkhoz csatolják, ahol Erőspista, Kiskapu, Árvalányhaj, Ihajcsuhaj, Délibáb és Ügyesbeton vígan és búsan élik életüket? Ezek a csavaros történetek ismét a magyarok földjére visznek minket.', 7, 18, 1, 200, 2, 0, 'https://lira.erbacdn.net/upload/M_28/rek1/923/2786923.jpg'),
(100072, 'Middle school - Get me out of here', 'James Patterson', '2015', 1000, 1, 'Random House UK', '12x19', 'angol', 'After sixth grade, the very worst year of his life, Rafe Khatchadorian thinks he has it made in seventh grade. He\'s been accepted to art school in the big city and imagines a math-and-history-free fun zone. Wrong! It\'s more competitive than Rafe ever expected, and to score big in class, he needs to find a way to turn his boring life into the inspiration for a work of art. His method? Operation: Get a Life! Anything he\'s never done before, he\'s going to do it, from learning to play poker to going to a modern art museum. But when his newest mission uncovers secrets about the family Rafe\'s never known, he has to decide if he\'s ready to have his world turned upside down. James Patterson\'s winning follow-up to Middle School: The Worst Years of My Life is another riotous and heart-warming story about living large.', 7, 18, 1, 296, 2, 0, 'https://m.media-amazon.com/images/I/914CNLdV41L._AC_UF1000,1000_QL80_.jpg'),
(100073, 'Tales of the Big Bad Red Polar Bear', '?', '2015', 1400, 2, 'Cellmed Incest Bt', '7x9', 'angol', 'Anticommunist Jokes from Hungary', 7, 18, 1, 53, 2, 0, 'https://s06.static.libri.hu/cover/sl/6d/b/6dbf987ee63b28cb7e8892d2762a5dfc_big.jpg'),
(100074, 'Az ártatlanság vámszedői', 'John Cure', '2022', 2700, 5, 'Álomgyár Kiadó', '13x19', 'magyar', 'Egy kamaszlány holtteste fekszik a budai társasház lakásának padlóján. Az éjszaka leple alatt, a rendőrség helyett csak Huszti Nimród, a titkosszolgálat elhárítótisztje érkezik a helyszínre. Összekötőjétől azt a feladatot kapta, hogy az árnyékvilágban működő titkos csapatával tüntesse el a bűncselekmény nyomait. Csakhogy a férfit felkavarják a látottak, és az igazságérzete sem hagyja nyugodni, ezért titkos nyomozásba kezd. Tudni szeretné, hogy ki az áldozat, és meg akarja találni azokat, akik felelősek a kislány halálért. Az egyre kockázatosabbá váló titkos nyomozás szálai budai milliárdosok és befolyásos politikusok köreibe vezetnek.', 7, 23, 1, 379, 2, 0, 'https://p1.akcdn.net/books/full/37526292.jpg'),
(100075, 'Itt sem voltunk', 'Andrea Bartz', '2022', 3000, 1, 'Alexandra könyvesház', '13x20', 'magyar', 'Emily nem is akarhatna többet az élettől: a festői szépségű chilei hegyeket járja legjobb barátnőjével, Kristennel szokásos éves túrájukon, és barátságuk erősebb, mint valaha. Ám lakosztályukba visszaérve vér és törött üveg fogadja. Mint Kristen elmondja, az aranyos túrázó, akivel összemelegedett útjuk során, megtámadta őt, és önvédelemből végeznie kellett vele. A jelenet sokkolóan ismerős Emilynek: tavalyi útjukon hasonlóképpen végezte egy másik utazó. Wisconsinba hazatérve Emily mindent megtesz, hogy elfeledkezzen a brutális halálesetekről, beleveti magát a munkába és új párkapcsolatba kezd. Ám Kristen meglepetésszerű látogatása újra felszínre hozza a traumákat. Miközben Kristen barátságuk újraélesztésén dolgozik, Emilynek számot kell vetnie életével és kapcsolatukkal. Kicsoda valójában a legjobb barátnője, akire az életét is rábízta volna, és van-e menekvés közös titkaik elől?', 7, 23, 1, 431, 1, 0, 'https://lira.erbacdn.net/upload/M_28/rek1/696/3186696.jpg'),
(100076, 'A háromfa hölgye', 'Grátzer L. Tamás', '2022', 3800, 3, 'Pral. Hu. Kft', '14x19', 'magyar', '1464, Buda. Fiatal nő holtteste függ a vesztőhelyen emelkedő háromfán. Külseje előkelő származást sejtet, kilétét és halálának körülményeit azonban homály fedi. Öngyilkos lett? Megölték? Ha az utóbbi, akkor miért tették közszemlére az ismeretlen szépséget, felakasztva a háromfára? Miért nem ásták el, vagy hagyták vadak prédájának? Marcus, a kíváncsi hóhér minden kérdésre tudni szeretné a választ, ezért napi teendői közepette, saját szakállára nyomozni kezd. Minél mélyebbre ássa magát az ügyben, annál több lesz a halott, annál jobban összekuszálódnak a szálak. Ám a hóhért sem Isten, sem ember nem tántoríthatja el céljától: eltökélt szándéka, hogy megtalálja a bűnöst, és vérpadra juttatja, igazságot szolgáltatva ezzel a háromfa hölgyének.', 7, 23, 1, 410, 2, 0, 'https://moly.hu/system/covers/big/covers_740250.jpg'),
(100077, 'Nem úszhatjuk meg', 'Oudipo - Boris Vian', '2021', 1900, 3, 'Helikon Kiadó', '13x19', 'magyar', 'Ritkán történik meg, hogy egy író töredékben maradt műveinek egyikét a szerző halála után 60 évvel kiadják. A Nem úszhatjuk meg a híres-hírhedt Vian-alteregó, Vernon Sullivan újabb (ötödik) könyve lett volna, hiszen a helyszín megint Amerika, és a cselekmény ezúttal is gyilkosságról gyilkosságra halad előre, de Vian és a történetét folytató társszerzők számos olyan elemet is beleszőttek ebbe a krimiparódiába, amelyek oly jellegzetessé és egyedivé teszik Boris Vian saját néven kiadott írásait. Az alkotók nagy gondot fordítottak arra, hogy a könyv izgalmas és szórakoztató legyen, s ennek érdekében esetenként nem riadtak vissza bizonyos festői túlzásoktól és különféle nyelvi játékoktól sem. Mindezek eredményeként igazi irodalmi csemege született, melynek elolvasását nem úszhatjuk meg.', 7, 23, 1, 156, 2, 0, 'https://moly.hu/system/covers/big/covers_659650.jpg'),
(100078, 'A tizedik lány', 'Sara Faring', '2022', 2800, 3, 'Maximum Könyvkiadó Kft', '14x21', 'magyar', 'Egy kísértetjárta argentin kúria. Egy családi átok. És egy csavar, amire egyáltalán nem számítanál. Üdvözlünk mindenkit a Vaccaro Iskolában! Dél-Amerika legdélebbi csücskében egy mindentől elzárt leányiskolát találunk. Különös erők sújtják ezt a szentségtelen szikladarabot, a legenda szerint mindenki el lesz átkozva, aki itt merészel letelepedni. Mavi számára viszont ez a hely az egyetlen kiút, hiszen édesanyját elragadta a kormányzó hatalom, így a neki el kell hagynia otthonát, Buenos Airest. Fiatal tanárként itt kezdhet új életet, Argentína leggazdagabb leánynövendékei között. Mavi megpróbálja elfogadni a nagy múltú intézmény idegenszerűségét. De amikor tíz diákja közül az egyik eltűnik, és mindenki úgy kezd viselkedni, mintha megszállták volna, nem tud többé nem tudomást venni a szentségtelen sziklán kísértő erőkről. Meg akarja fejteni a hiányzó lány rejtélyét a figyelmeztetések ellenére is, hogy veszélyes éjszaka kószálnia. Ráadásul különös Másvilágiakról szóló pletykák is keringenek. Az egyik ilyen lélek, egy rejtélyes fiatalember olyan titkokat őriz, amelyek Mavinak nemcsak az érzéseire, hanem a puszta létezésére is hatással vannak.', 7, 24, 1, 464, 2, 0, 'https://moly.hu/system/covers/big/covers_555706.jpg?1560859196'),
(100079, '13 - Das erste Buch der Zeit', 'Rose Snow', '2018', 2100, 1, 'Magánkiadás', '13x19', 'magyar', 'Nach dem Tod ihrer Tante ist die 17-jährige Lizzy gezwungen, zu dem Patenonkel ihres Vaters aufs Land zu ziehen. Doch statt der erwarteten Langeweile begegnet ihr der geheimnisvolle Rouven, mit dem sieregelmäßig aneinander knallt. Dabei hat Lizzy völlig andere Sorgen, denn die ganze Kleinstadt steckt voller Geheimnisse - und das größte davon scheint sie selbst zu sein. Was hat es mit den knisternden blauen Blitzen auf sich, die Lizzy auf einmal sehen kann?', 7, 24, 1, 260, 2, 0, 'https://m.media-amazon.com/images/I/610FcAzAR2L._AC_UF1000,1000_QL80_.jpg'),
(100080, 'Where you are', 'Tammara Webber', '2016', 1900, 2, 'Könyvmolyképző Kiadó Kft', '14x21', 'magyar', 'Amint a legutóbbi filmje forgatásán megismerkedtek, Graham Douglas rögtön odavolt Emma Pierce-ért. Ám a lányt a szupersztár Reid Alexander szemelte ki magának. Miután Graham a forgatás alatt minden tőle telhetőt megtett, hogy ne szeressen bele Emmába, kap még egy esélyt véletlenül összetalálkoznak New Yorkban. És ezúttal ki is akarja használni a lehetőséget. Emma Pierce feláldozta ígéretes hollywoodi karrierjét, hogy átlagos lányként élhessen. Azt hitte, úrrá lett érzésein a két nagyon különböző fiú iránt, akik legutóbbi filmje forgatásán vetélkedtek a szívéért, ám a sors egy manhattani kávézóba sodorja, ahol szembetalálja magát azzal a sráccal, aki még mindig hiányzik neki.', 7, 18, 1, 337, 2, 0, 'https://moly.hu/system/covers/big/covers_373509.jpg'),
(100081, 'Új Élet Keddtől!', 'Luis Carlos Montalvan - Bret Witter', '2014', 3500, 5, 'Könyvmolyképző Kiadó Kft', '13x20', 'magyar', 'Luis Montalván, az amerikai hadsereg többszörösen kitüntetett századosa, aki kétszer teljesített szolgálatot Irakban, soha nem hátrált meg a kihívások elől. Leszerelése után azonban sebesülései és a poszttraumás stressz egyre erősebben éreztették a hatásukat. Luis már nem nagyon bízott a gyógyulásban. Aztán megismerte Keddet, a finom lelkű golden retrievert, akit sérült emberek ellátására képeztek ki. Kedd korábban börtönviseltek és fiatalkorú bűnözők között élt, ezért nehezen bízott meg az emberekben de akkor jött Luis.', 7, 18, 1, 300, 2, 0, 'https://s01.static.libri.hu/cover/9a/3/1960701_4.jpg'),
(100082, 'Forgive my fins', 'Tera Lynn Childs', '2012', 1300, 2, 'Könyvmolyképző Kiadó Kft', '14x21', 'magyar', 'Lily Sandersonnak van egy titka nem az, hogy halálosan szerelmes a Brody Bennett nevű jóképű úszóistenbe, akinek láttán a szíve partra vetett halként vergődik. A viszonzatlan szerelmet még egy normális kamaszlány is nehezen éli meg, de ha valaki félig ember, félig sellő, mint Lily, végképp nem beszélhetünk egyszerű kis kalandról. Lily titka nem derülhet ki, mivel ő nem akármilyen sellő, hanem Thalasszinia hercegnője. Amikor Lily három éve megtudta, hogy az édesanyja valójában ember volt, végre rájött, miért nem érzi igazán otthon magát Thalassziniában. Azóta is a szárazföldön él, és a Seaview Gimnáziumba jár, abban a reményben, hogy sikerül igazi otthonra lelnie. Persze a szárazföldön is akadnak nehézségek.', 7, 24, 1, 262, 2, 0, 'https://book24.hu/img/boritok/books/722919f.gif'),
(100083, 'The beast', 'Ann Evans', '2007', 1400, 1, 'Usborne Publising Ltd.', '13x19', 'angol', 'Grant can\'t understand why his sister is so freaked out on their family camping trip. He doesn\'t believe her scary story about a monstrous shimmering shape leaping down the mountainside. But when he hears the menacing sound of a huge creature stalking around their tent at night, he starts to change his mind. Somewhere out there, the beast that haunts the Valley of Shadows is gathering strength. Readying itself to attack...', 7, 24, 1, 163, 2, 0, 'https://m.media-amazon.com/images/I/81SpA0rqRoL.jpg'),
(100084, 'Ólomerdő', 'KleinHeincz Csilla', '2007', 1900, 5, 'Delta Vision Kft', '12x18', 'magyar', 'Minden gyerek hisz a tündérekben, a sárkányokban és a lányok segítségére siető lovagokban. Emesének édesanyja mesélt róluk; megígérte, hogy megmutatja neki a másik világot, márpedig az ígéret köti a tündéreket. És Anya tündér volt. Emese nem hitt bennük, amióta Anya eltűnt. De már maga sem tudja, mi is az igazság. Végül mégiscsak eljön érte egy lovag, ám korántsem azért, amiért hitte. A tündérek ólomerdejében rá kell jönnie: az is eladná, aki a legjobban szereti, a hős lovagoknak pedig nincs szívük. És akkor még nem is találkozott a családjával. Bár mese lenne!', 7, 24, 1, 360, 2, 0, 'https://dibook.hu/storage/books/pr_2544/cover-big_429.webp');
INSERT INTO `termekek` (`id`, `cim`, `alkoto`, `megjelenes`, `ar`, `boritoID`, `forgalmazo`, `meret`, `nyelv`, `osszefoglalo`, `kategoriaID`, `alkategoriaID`, `tipus`, `hossz`, `allapotID`, `pontok`, `kepURL`) VALUES
(100085, 'Kingdom Of The Golden Dragon', 'Isabel Allende', '2005', 2400, 1, 'Harper Perennial', '13x20', 'angol', 'Alexander Cold and his best friend, Nadia, the heroes of Allende\'s City Of the Beasts, are reunited in a new adventure. This time, Alexander\'s fearless grandmother and International Geographic are taking them to another remote niche of the world -- a forbidden kingdom tucked into the frosty peaks of the Himalayas. Their task: to locate its fabled Golden Dragon, a sacred statue and priceless oracle, before it is destroyed by the greed of an outsider.', 7, 24, 1, 454, 2, 0, 'https://m.media-amazon.com/images/I/8177I4RVN0L._AC_UF1000,1000_QL80_.jpg'),
(100086, 'Képtelen tárgyak', 'Cardman Jacques', '1989', 850, 1, 'Editio Musica Bp. Zeneműkiadó Kft', '12x16', 'magyar', 'E földi világon két dolog hiányzik: létra a mennybemenetelhez, fedő az óceán beborításához. (Mongol közmondás) - Ismertető: 122. oldalas könyv a technika mulatságos megközelítéséről. Képtelen tárgyak amelyek nélkülözhetetlenek olyan személyeknek, mint akrobata, állatbarát, csepűrágó, főpincér, harangozó, lámpagyújtogató, napszámos, műszerész, rikkancs, szerelmes, tűzoltó vagy zarándok. Például közlekedési lámpa WC ajtóhoz, ajtós fürdőkád, panoráma tandem, úszó sakktábla, szemüveges óra.', 7, 18, 1, 122, 2, 50, 'https://moly.hu/system/covers/big/covers_183399.jpg'),
(100087, 'Manó-mobil', 'Upton Sinclair', '1973', 590, 9, 'Móra Ferenc Ifjúsági Könyvkiadó', '20x15', 'magyar', 'Beszédbe elegyedni egy manóval, az már igazán csodálatos. De van ennél még csodálatosabb kaland is: végigutazni Kalifornia erdeit két manó társaságában és átkutatni a legelhagyatottabb sűrűket más manókat keresve. Pedig a Manó-mobil hőseinek, Bettynek és nagybátyjának ebben a mesébe illő utazásban van részük, ők ültek elöl a nagybácsi nagy amerikai autójában, hátuk mögött a két kis manó, a fiatalabb százéves, az idősebb, a nagyapja ezer; ezért manó-mobil az automobiljuk. Ezt a nemcsak furcsa, de rengeteg mulatságos eseménnyel teli nagy élményt meséli el Upton Sinclair, a híres amerikai író. A kalandosnál kalandosabb történetet Réber László gazdag humorú rajzai teszik még elevenebbé.', 4, 11, 1, 177, 3, 90, 'https://moly.hu/system/covers/big/covers_95311.jpg'),
(100088, 'Bánk Bán (minikönyv)', 'Katona József', '1966', 3400, 10, 'Magyar Helikon', '5x4', 'magyar', 'Katona József Bánk bánjából megcsap minket az az őserő, és az a szenvedély, amelyet magyar szerző színpadra addig még nem vitt: a közélet és a magánszféra kíméletlen ütközései, Bánk belső vívódásai, a korábban mindent eligazító király helyett színre vitt \'az uralkodó is ember\' új, belső konfliktusa. Nemzeti drámává nemesült 1848. március 15-én, később viszont a megtorlás mártírkoszorúja övezte, hiszen egyáltalán nem, vagy csak megcsonkítva lehetett előadni. Nemzeti drámáról lévén szó, azóta is a nemzeti érzés megannyi kiáradása és apálya szabályozza könyvbéli és színpadi sorsát.', 7, 22, 1, 304, 2, 0, 'https://marvin.bline.hu/product_images/31/0129006230294P.JPG'),
(100089, 'Az űrhajó', 'Barsi Ödön', '2016', 500, 11, 'Fapados', '22x15', 'magyar', ' A szerző ebben a könyvében utópisztikus hangokat üt meg és éppen olyan lebilincselő meseszövéssel tárja az olvasó elé a Mars-bolygó titokzatos világát, mint amilyen mesteri tollal írta meg eddigi fordulatokban gazdag kalandregényeit. Új regényét, Az űrhajó-t az olvasó minden bizonnyal szívesen illeszti majd a Forrás-kiadványok sorába s maradandó élményül teszi el szellemi kincseinek tárházába.', 7, 19, 1, 206, 1, 0, 'https://moly.hu/system/covers/big/covers_211131.jpg'),
(100090, 'Hihetetlen történet', 'Sheila Burnford', '1987', 590, 5, 'Kossuth Kiadó', '19x11', 'magyar', 'Három állat – két kutya és egy macska – útnak indul a kanadai rengetegben. Háromszáz mérföldet tesznek meg ember nem járta erdőségeken, mocsarakon, megáradt folyón keresztül, vadállatok között, hogy szeretett gazdáikhoz hazatérjenek. Életveszélyes kalandokba keverednek, de leleményességük, bátorságuk és összetartozásuk átsegíti őket minden akadályon. Történetüket huszonegy nyelvre lefordították és Walt Disney filmet készített belőle.', 7, 19, 1, 122, 3, 90, 'https://moly.hu/system/covers/big/covers_37987.jpg'),
(100091, '10 years after', 'Ágh Attila - Kaiser Tamás - Koller Boglárka', '2014', 2500, 5, 'Blue Ribbon Research Centre', '21x15', 'angol', 'Multi-level governance and differentiated integration in the EU', 7, 26, 1, 207, 2, 0, 'https://media.regikonyvek.hu/media/1921090/conversions/agh-attila-kaiser-tamas-koller-boglarka-10-years-after_8opmxsiw-list_jpg.jpg'),
(100092, '12 nap, amely…', 'Ómolnár Miklós', '1989', 980, 5, 'Szabadtér Kiadó', '13x20', 'magyar', '1956. október 23.-november 4./Események, emlékek, dokumentumok', 7, 26, 1, 562, 2, 80, 'https://radayantikvarium.hu/RadayPictures/44540_2.jpg'),
(100093, '24 izgalmas novella', 'Jack London', '1963', 1600, 10, 'Európa Könyvkiadó', '20x14', 'magyar', 'A világirodalom modern mestereinek ebben a kötetben összegyűjtött elbeszélései arról tanúskodnak, hogy a kaland- és detektívizgalmak kitűnő írók kezében még mindig nem fakulnak el, de arról is, hogy a hagyományos műfaj egyre bővül, és témái felölelik a modern élet minden területét.', 7, 20, 1, 567, 2, 0, 'https://moly.hu/system/covers/big/covers_231286.jpg?1395450880'),
(100095, 'A 13-as szoba', 'Edgar Wallace', '1929', 4100, 10, 'Dante Könyvkiadó', '17x12', 'magyar', 'A barátságtalan kőépület boltozatos kapúján két szó volt kivésve: Parcere subjectis. Johnny Gray a maguk tolvajnyelvén \'parki subások\'-nak fordította le; igazi jelentséét: kíméld a legyőzötteket nem vállalta, mert őt nem győzték le és nem is kímélték.', 7, 23, 1, 282, 2, 0, 'https://lira.erbacdn.net/upload/M_28/rek1/383/784383.jpg'),
(100096, 'A 13. ügynök', 'Berkesi András', '1972', 930, 10, 'Magvető Kft', '20x14', 'magyar', '1969 nyarán Viktor Mennel külföldi üzletember holttestét kifogják a Balatonból. Először közönséges balesetre gyanakodnak, a rutinvizsgálatok azonban kiderítik: gyilkosság történt. Salgó Oszkár nyugalmazott elhárító is Emődön tartózkodik éppen - kora tavasztól késő őszig élvezi a horgászás örömeit - , s az esemény fölkelti érdeklődését. Nyomozni kezd ő is, majd amikor egyre gyanúsabb jelekre bukkan, fölhívja telefonon Kara Ernőt, az elhárító szolgálat egyik vezetőjét.', 7, 23, 1, 374, 2, 30, 'https://moly.hu/system/covers/big/covers_17405.jpg'),
(100097, 'A barna ruhás férfi', 'Agatha Christie', '1993', 2100, 3, 'Hunga-Print Nyomda és Kiadó', '19x11', 'magyar', 'Újabb hátborzongató eset a metrószerencsétlenség után! Női holttestet találtak egy üresen álló házban! Mohón kezdtem olvasni. Tényleg nem volt semmi köze egymáshoz a két ügynek? Én nem voltam benne olyan biztos. Mind a kettőben szerepelt például egy napbarnított férfi - aki a szemtanúk szerint barna öltönyt viselt - s még néhány közös mozzanat. Eme közös mozzanatok miatt végül is kötelességemnek éreztem, hogy elmenjek a Scotland Yardra...', 7, 23, 1, 278, 1, 0, 'https://moly.hu/system/covers/big/covers_391917.jpg?1461087412'),
(100098, 'A cápa szájában', 'Anthony Grey', '2004', 1500, 1, 'Pallas Antikvárium Kft', '12x20', 'magyar', 'A szerző ezen kötetében a két fiatal magánnyomozó a milliomosok üdülőhelyeként ismert, egzotikus Mauritiusra utazik hogy ott felkutasson és megszerezzen egy rendkívüól értékes CD-t. A feladat egyszerűnek látszik, ám csakhamar kiderül, hogy a luxus-kaszinók és elegáns bárok megnyugtató csillogása mögött ezernyi veszély leselkedik a kung-fu mesterekre. No meg másokra is, hisz nem sokkal a két amerikai megérkezése után váratlanul felpörögnek az események, s egymást érik a verekedések, fenyegezőtések és titokzatos gyilkosságok. A magánnyomozók pedig lassacskán rájönnek, hogy valami olyasmibe is belekeveredtek, aminek semmi köze a CD-hez, de ami miatt mégis halálos veszélyben vannak.', 7, 23, 1, 191, 2, 0, 'https://misogaadel.weebly.com/uploads/1/4/7/3/14732912/7031502_orig.jpg'),
(100099, 'Állapota életveszélyes', 'Radvány Ernő', '1935', 1500, 9, 'Hazai Hírlapkiadó Rt', '20x13', 'magyar', 'Beköszöntött a tavasz. A népliget fáin már fakadozni kezdtek a rügyek és velük együtt megjelentek a kavicsos utakon a kis emberpalánták is. Az első melegebb napsugár kicsalta a külvárosok gyermekhadát a népligetbe és a hosszú tél után kettős örömmel száguldoztak egymást kergetve, kiabálva, hancúrozva és élvezték a szabad levegőt, az arany szabadságot. Doboz Péternét is kicsalták a napsugarak. Maga előtt tolta az egyszerű gyermekkocsit, amelyben ott feküdt imádott kisfia, a Jancsi. A kocsi mögött néhány lépéssel bandukolt Doboz Péter, az apa, az állástalan magánhivatalnok. Sovány arcán, épp ugy, mint a feleségéén, meglátszottak a tél nélkülözései, de azért mindaketten vidámak voltak, mert nem vesztették el bizalmukat egymásban és az életben.', 7, 23, 1, 92, 4, 0, 'https://lira.erbacdn.net/upload/M_28/rek1/530/2388530_2.jpg'),
(100100, 'Gyilkosság Miami előtt', 'Dennis Wheatley', '1937', 4000, 12, 'Palladis Rt', '28x21', 'magyar', 'A floridai rendőrség 412 számú percsomója.', 7, 23, 1, 130, 4, 0, 'https://kenderes.hu/wp-content/uploads/2023/12/foldes7.jpg'),
(100101, 'Botrány a klubban', 'Ole Stefani', '1933', 1900, 12, 'Palladis Rt', '17x13', 'magyar', 'Az «Uj Golfklub» tíz kilométerre feküdt a várostól és egyik legfényűzőbb intézménye volt nemcsak Dániának, hanem az egész kontinensnek. A vendéglőt elsőrangú szakértő vezette, akit Párisból, Duvaltól csábítottak ide. A klubba felvételhez két régi tag jótállása volt szükséges. Ennek a két jótállónak felelősséget kellett vállalnia azért, hogy a jelölt társadalmi helyzete, jelleme és egyénisége megfelel a klub nívójának. Női tagjai nem voltak a klubnak - de azért női vendégeket mindig szívesen látott a vezetőség. Silbermann, a klub elnöke, dühöngött. A «Nordisk Merkurialbank» alkalmazottai - ennek a nagy pénzintézetnek igazgatója volt Silbermann úr - nehéz napokat éltek mostanában.', 7, 19, 1, 175, 5, 0, 'https://muzeumantikvarium.axioart.com/images/live_images/200/4126/593.jpg'),
(100102, '2012', 'Whitley Strieber', '2009', 2300, 5, 'Metropolis Media Group Kft', '21x15', 'magyar', 'Ez az az év, amelyben a maják szerint időszámításunk véget ér. Kutatók azt állítják, ugyanebben az évben érkezik el Földünk egy 26 000 éves ciklus végére, egy vonalba kerülve a Galaktika síkjával. Az indián mítoszok az Ősi Bölcsesség visszatértét jövendölik bolygónkra 2012. december 21-én. Vajon pontosan mi fog történni? Mi vár az emberiségre ezen az egyáltalán nem távoli napon? A pusztulás? Vagy egy új kor hajnala?', 7, 25, 1, 297, 2, 0, 'https://moly.hu/system/covers/big/covers_39315.jpg'),
(100103, 'A birodalom visszavág', 'Donald F. Glut', '1997', 1700, 5, 'LAP-ICS Könyvkiadó', '18x11', 'magyar', 'Valaha rég, egy messzi-messzi galaxisban… Nehéz idők járnak a lázadókra. A Galaktikus Birodalom erői elűzték őket titkos bázisukról, és könyörtelenül az elpusztításukra törtek. A felkelők egy kis csapata Luke Skywalker vezetésével új bázis kiépítésébe fogott a Hoth bolygó rideg jégvilágában. Az elvetemült Darth Vader parancsára, aki megszállottan kutatja az ifjú Skywalker nyomát, kutász-droidok ezrei rajzanak ki az űrbe, hogy a menekülők nyomára leljenek...', 7, 25, 1, 297, 2, 0, 'https://moly.hu/system/covers/big/covers_5069.jpg?1395344235'),
(100104, 'A borotva éle', 'Ivan Jefremov', '1982', 420, 5, 'Kossuth Kiadó', '20x13', 'magyar', 'A \'borotva éle\' - szimbólum: azt a szinte érzékelhetetlen határt jelenti, amely a tudat és a tudatalatti között húzódik. A történések középpontjában egy titokzatos fekete korona, annak különös kisugárzása áll. Több csoport is meg akarja szerezni, hajszákat rendeznek érte. E kalandok leírásával válik a mű térben és időben több dimenziójúvá. Visszanyúl a régmúltba is, például Nagy Sándor korába, vagy az óindiai művészet kezdeteihez, hogy pontosabban megvilágítsa a tegnap, a ma, sőt a holnap eseményeit. Oroszországból kiindulva Itálián, Dél-Afrikán át a forró Indiáig és a jeges Tibetig húzódik a cselekmény fonala.', 7, 25, 1, 555, 2, 20, 'https://marvin.bline.hu/product_images/1233/0379000624463P.JPG'),
(100105, 'A fantomriksa', 'Rudyard Kipling', '1991', 680, 5, 'Móra Ferenc Ifjúsági Könyvkiadó', '20x12', 'magyar', 'Rudyard Kipling, a híres angol író nemcsak indiai történeteket és dzsungelhistóriákat írt, hanem kitűnő fantasztikus és tudományos fantasztikus novellákat is. Ezekből a nálunk többnyire ismeretlen, rejtélyes és gyakran hátborzongató írásaiból állítottuk össze kötetünket. Kiemelkedik közülük néhány, Indiában játszódó misztikus és transzcendentális tartalmú, még a misztikában járatos olvasókat is felcsigázó novella.', 7, 25, 1, 261, 2, 80, 'https://moly.hu/system/covers/big/covers_43976.jpg'),
(100106, 'A fekete császár', 'Gáspár Margit', '1983', 900, 6, 'Szépirodalmi Könyvkiadó', '21x12', 'magyar', 'Délután kisütött a nap. Fénye Velencét eyszerre olyanná fürösztötte, amilyennek nászútra készülődők álmodják: csupa aranyragyogás, csupa galambszárny-suhogás. A sűrű köd, amely két napon keresztül úgy fedte be a várost, mint régimódi háziasszonyok bútorát a szürke vászonhuzat, nyomtalanul szertefoszlott. Európa legszebb szalonja, ahogy Napóleon nevezte a Szent Márk teret, készen állt vendégek fogadására.', 7, 25, 1, 123, 2, 0, 'https://moly.hu/system/covers/big/covers_17048.jpg'),
(100107, 'A feladat', 'Zsoldos Péter', '1971', 840, 5, 'Kozmosz Könyvek', '19x10', 'magyar', 'Egy távoli naprendszer Föld-típusú bolygóján az oda küldött kutatóűrhajó egyik reaktora megszalad. A hat tagú legénységből négy azonnal elpusztul, a két túlélő közül az egyiknek órái, a másiknak legfeljebb napjai vannak hátra. Az űrhajó haldokló orvos-biológusának, Gillnek, olyan ötlete támad, melynek lehetőségében az első pillanatokban ő maga sem hisz.', 7, 25, 1, 232, 2, 40, 'https://zsoldospeter.hu/wp-content/uploads/2020/09/feladat-cover_366x600.jpg'),
(100108, 'Zoe\'s tale', 'John Salzi', '2009', 450, 5, 'Tom Doherty Associates, Inc', '17x11', 'angol', 'An Old Man\'s War novel.', 7, 25, 1, 406, 2, 50, 'https://upload.wikimedia.org/wikipedia/en/f/f0/John_Scalzi_-_Zoe%27s_Tale.jpg'),
(100109, 'Zsiványhajó', 'A. E. Van Vogt', '1965', 650, 5, 'Hajja&fiai Kiadó', '17x12', 'magyar', 'Gigászi űrhajó szeli át a világűr félelmetes, sötét mélységeit, hogy új világokat fedezzen fel az emberiség számára. A hajót egy multimilliomos, Averil Hewitt építtette, sőt, maga válogatta ki nagy gonddal a férfiakból és nőkből álló nyolcszázfős legénységet. Az expedíció célja, hogy letelepedésre alkalmas helyet találjanak a Centaurus rendszer valamelyik bolygóján. Ám Hewitt nem számol azzal, hogy a hosszú út során a fedélzeten felborul a társadalmi rend. Az elszigeteltség következtében a földi törvények egyre inkább értelmüket vesztik, majd hamarosan lázadások törnek ki.', 7, 25, 1, 187, 2, 50, 'https://moly.hu/system/covers/big/covers_67757.jpg'),
(100110, 'Zuhanás a végtelenbe', 'Szigeti Attila - Megyes József', '1998', 800, 5, 'Kiskapu Kft', '19x12', 'magyar', 'Az átható, nyomasztó sötétben haladtunk, amely mohón elnyelt minket, és szinte vakon tapogatóztunk. Csak a sisaklámpák fényei simították végig az alul és felül összegörbülő falakat. Idegen világban voltunk. A távoli, névtelen civilizáció építette űrjármű folyosórendszere most éhesen feltárulkozott előttünk.', 7, 25, 1, 231, 2, 0, 'https://2c4158bb47.cbaul-cdnwnd.com/280db30f1f18262f625fc750cfc7cd5a/200000124-72fb173f47/-%20poszthumusz.jpg'),
(100111, 'A keresztény görög iratok', 'Új világ fordítása', '2001', 1200, 6, 'Watchtower Bible and Tract Society', '17x12', 'magyar', 'Új világ fordítása.', 10, 31, 1, 447, 2, 0, 'https://encrypted-tbn0.gstatic.com/images?q=tbn:ANd9GcTLOUBx1aRYVJxWbCHdbpUC_0fdj9qb6Wl58A&s'),
(100112, 'A könyvek könyve', 'Tótfalusi István', '1993', 3600, 6, 'Móra Ferenc Ifjúsági Könyvkiadó', '24x17', 'magyar', 'A 73 könyvet tartalamó katolikus Biblia egyike.', 10, 31, 1, 206, 2, 0, 'https://marvin.bline.hu/product_images/1216/0129003823710P.JPG'),
(100113, 'A Lukács-evangélium', 'Alois Stöger', '1975', 1200, 5, 'Prugg Verlag', '21x15', 'magyar', 'Az Újszövetség harmadik könyve, a négy evangélium egyike.', 10, 31, 1, 414, 2, 0, 'https://www.kalvinkiado.hu/images/stories/virtuemart/product/luk-cs-evang-l-4e6490a61f26e.jpg'),
(100114, 'Apokalipszis', 'Karner Károly', '1974', 4500, 5, 'Magánkiadás', '22x14', 'magyar', 'A Biblia utolsó iratainak könyve. Az apokalipszis a korai zsidó és keresztény irodalom terminológiájában olyan rejtett dolgok kinyilatkoztatása, amelyeket Isten adott valamelyik kiválasztott emberének, vagy (még gyakrabban) egy ilyen kinyilatkoztatás írásos beszámolója.', 10, 31, 1, 275, 2, 0, 'https://marvin.bline.hu/product_images/782/0589000287920P.JPG'),
(100115, 'Biblia', 'Rózsa Huba', '2008', 3500, 6, 'Szent István Társulat', '18x12', 'magyar', 'A Biblia (amely a koiné görög βιβλίον, azaz tekercs szóból származik) azoknak az írásoknak a gyűjteménye, amelyeket a zsidóság és a keresztények nagy része Istentől sugalmazottnak, szentnek fogad el, a hit és az erkölcs területén általános mércének tekint.', 10, 31, 1, 1422, 2, 0, 'https://kalvinkiado.hu/images/stories/virtuemart/product/Szent%20Biblia_arany_3D_4001.jpg'),
(100116, 'Az özönvíz', 'Károli Gáspár', '1945', 5000, 11, 'Hungária-nyomda', '25x20', 'magyar', 'Az elbeszélés alapján a korabeli világ bűnösségének mértéke betelt és Isten vízözön által tisztította meg a földet az erkölcsi tisztátalanságtól.', 10, 31, 1, 20, 2, 0, 'https://s06.static.libri.hu/cover/sl/64/b/64b958ce2a2d03912e904a59041e0ad4_big.jpg'),
(100117, 'A bhagavad-gíta', 'A. C. Bhaktivedanta Swami  Prabhupada', '2016', 3900, 6, 'The Bhaktivedanta Book Trust', '16x11', 'magyar', 'Ő Isteni Kegyelme A.C.Bhaktivedanta Swami Prabhupáda: \'Nem fedeztem fel és nem találtam ki semmi újat. A Bhagavad-gitát úgy adtam elő, ahogyan van, ennyi az egész.\'', 10, 32, 1, 816, 2, 0, 'https://cdn.antikvarium.hu/foto/nagy/44988916.jpg'),
(100118, 'A bhagavad-gíta, úgy, ahogy van', 'A. C. Bhaktivedanta Swami  Prabhupada', '1993', 2000, 6, 'The Bhaktivedanta Book Trust', '22x14', 'magyar-szanszkrit', 'Ő Isteni Kegyelme A.C.Bhaktivedanta Swami Prabhupáda: \'Nem fedeztem fel és nem találtam ki semmi újat. A Bhagavad-gitát úgy adtam elő, ahogyan van, ennyi az egész.\' Eredeti szanszkrit szöveg magyarázattal.', 10, 32, 1, 931, 2, 0, 'https://jogapont.hu/wp-content/uploads/2022/11/bg-puha.jpg'),
(100119, 'A tanítások nektárja', 'A. C. Bhaktivedanta Swami  Prabhupada', '1990', 940, 6, 'The Bhaktivedanta Book Trust', '19x12', 'magyar', 'Öt évszázadnyi, fél földgolyónyi távolságból érkezett el hozzánk a lelki tanítások lényegének e tömör, irányadó könyve. Hogyan válasszunk lelki tanítómestert, hogyan gyakoroljuk a yogát, hogyan éljünk - mindezekre választ kaphat az olvasó ebben a felbecsülhetetlen értékű műben, melyet Srila Rupa Gosvámi, a középkori India lelki életének legkiválóbb alakja írt, szanszkrit nyelven.', 10, 32, 1, 108, 2, 40, 'https://moly.hu/system/covers/big/covers_410406.jpg'),
(100120, 'A szanszkrit irodalom története', 'Schmidt József', '1923', 2000, 1, 'Athenauem Irodalmi és Nyomdai Rt', '20x11', 'magyar', 'E munka a szanszkrit vagy ó-ind irodalomnak tudományos színvonalú, de elsősorban népszerű ismertetése akar lenni, de mint ilyen is hézagpótló mű igényével lép fel, mert az egyetlen hasonló tárgyú magyarnyelvű munka, amely két évtizeddel ezelőtt (1903) megjelent, kellő filológiai szakképzettség nélkül készült, különben is rég elavult.', 10, 32, 1, 131, 2, 0, 'https://lira.erbacdn.net/upload/M_28/rek1/443/4253443.jpg'),
(100121, 'Az ind filozófia', 'Schmidt József', '1991', 5000, 1, 'Magánkiadás', '17x13', 'magyar', 'Keleti filozófia.', 10, 32, 1, 119, 2, 0, 'https://marvin.bline.hu/product_images/856/2399963626081P.JPG'),
(100122, 'Az önmegvalósítás tudománya', 'A. C. Bhaktivedanta Swami  Prabhupada', '1990', 490, 6, 'The Bhaktivedanta Book Trust', '21x14', 'magyar', 'Napjainkat bámulatra méltó anyagi fejlődés jellemzi, ám emellett problémáink is folytonosan szaporodnak. Egy teljesen zavarodott társadalomban élünk, s az ember sorsának kérdése aktuálisabb, mint valaha. Hogyan óvjuk meg jövőnket? Mi az életünk célja? Honnan jöttünk, s mi történik a halál után? Ő Isteni Kegyelme A.C. Bhaktivedanta Swami Prabhupada (képünkön) egyedülálló és a gyakorlatban alkalmazható válaszokat ad e kérdésekre - a védikus tudomány, a világ legteljesebb tudománya fényében.', 10, 32, 1, 366, 2, 90, 'https://encrypted-tbn0.gstatic.com/images?q=tbn:ANd9GcSijStsXNiPDMp0z2ZZa18Gp8k3Qq1QdWdMQQ&s'),
(100123, 'A kutatás Srí Krsna után', 'Srílak Bhakti Raksak Sridhar Dev - Goswámi Maháráj', '1993', 1600, 1, 'Édesvíz Kiadó', '24x16', 'magyar', 'Krishna a hinduizmusban Vishnu nyolcadik megtestesülése, elbeszélések és mitológiai elbeszélések dolgozzák fel élete különböző eseményeit. A Krisnával kapcsolatos történetek felölelik a hindu teológia és filozófia számos hagyományát. Különböző perspektívákban jelenik meg: mint isteni gyermek, tréfacsináló, az ideális szerelmes modellje, isteni hős, vagy a Legfelsőbb Lény.', 10, 32, 1, 152, 2, 0, 'https://moly.hu/system/covers/big/covers_206241.jpg'),
(100124, 'A béke szellemében', 'Fédérique Hatier Dalai Láma', '2003', 3100, 1, 'Édesvíz Kiadó', '26x23', 'magyar', 'Most először olvashatjuk összegyűjtve őszentsége, a dalai láma mély, inspiráló gondolatait többek közt a békés és boldog életről; a hittel, a tudománnyal és a vallással kapcsolatos kilátásainkról; valamint az életről, a halálról és az újjászületésről. A saját szavaival megfogalmazott, egyedi, önéletrajzi anyag által meghitt képet kaphatunk őszentsége korai éveiről. Közérthető tanításai megmutatják, hogyan fejlesszük a bölcsességet és az együttérzést mindennapi életünk során.', 10, 33, 1, 163, 2, 0, 'https://marvin.bline.hu/product_images/1400/0759000000564P.JPG'),
(100125, 'A buddhizmus', 'Gánti Bencce', '2024', 3800, 1, 'Kossuth Kiadó', '21x14', 'magyar', 'Lélektana, spiritualitása és irányzatai.', 10, 33, 1, 204, 1, 0, 'https://marvin.bline.hu/product_images/1429/E10560.JPG'),
(100126, 'A köztes lét könyvei', 'Gara György', '1986', 950, 2, 'Európa Könyvkiadó', '24x17', 'magyar', 'A Mahájána-buddhizmus tanítómesterei szerint a halál óráján, amikor a testet alkotó elemek egymásba omlanak, nem ér véget az élőlények útja. A tibeti, lámahitű buddhizmus úgy tartja, hogy a hús-vér test elhagyása után az eszmélőlény szellem-, azaz elme-testet ölt, és az elme önnön jelenései, utak, fények, istenek, szörnyek között bolyong a köztes lét szakadékában, szurdokában. Több napon át tart ez az állapot, legtovább hétszer hét, azaz negyvenkilenc napig, s az eszmélő onnan csak úgy szabadulhat, vagy legalább úgy kerülheti ki a Rossz Ösvények, gonosz utak csapdáit, önnön teste, szíve, szava tévedései, vétkei hatását, a Rossz Tettét, ha még életében avatott mestertől szerzett intelembe, tanácsba, a nemtudást és balgaságot szüntető Tudásba fogódzva szembesül önnön jelenéseivel, és megérti, hogy mindezek - istenek, szörnyek, mennyek és poklok - önnön elméjének szülöttei.', 10, 33, 1, 180, 3, 50, 'https://marvin.bline.hu/product_images/1372/0559001056863P.JPG'),
(100127, 'A boldogságról', 'Miszkavaihi', '1987', 980, 1, 'Európa Könyvkiadó', '19x10', 'magyar', 'A boldogság könyve.', 10, 34, 1, 68, 2, 80, 'https://marvin.bline.hu/product_images/1279/1131000500494G.JPG'),
(100128, 'A hit útja', 'Prokoláb Lilla', '2007', 1900, 1, 'Magyarországi Muszlimok Egyháza', '20x15', 'magyar', 'Annak, aki önmaga és az emberiség boldogulását tartja szem előtt, a hithez kell fordulnia. Annak is, aki jóravaló életet akar élni és jócselekedeteket akar véghez vinni az evilágon, a hithez kell fordulnia, mivel a jótett, a jóravaló viselkedés a hit gyümölcse, eredménye. Annak pedig, aki a túlvilági boldogságot és a büntetéstől való megmenekülést tartja szem előtt, szintén a hithez kell fordulnia. Aki viszont már rendelkezik hittel a tudás, az ismeret és a jó ítélőképesség által, annak az a feladata, hogy azt tovább növelje és védje jó tettekkel és helyes életvitellel, mivel ,a hit az Isten iránti engedelmesség által nő, és a szembefordulás által csökken. Ily módon vezetett bennünket Mohamed Próféta (béke legyen vele) a helyes útra.', 10, 34, 1, 93, 2, 0, 'https://iszlam.com/images/stories/iszlam/ingyen_letoltes/a_hit_utja.jpg'),
(100129, 'A hódító iszlám', 'Michael Rogers', '1987', 1400, 10, 'Helikon Kiadó', '27x22', 'magyar', 'Az Ezeregyéjszaka meséinek színterét elénk varázsló építészeti emlékek - mecsetek, kegyhelyek, paloták, minaretek, sivatagi várkastélyok, citadellák, fürdők- leírása szolgál keretül a szerző számára, hogy megismertessen bennünket az iszlám kialakulásával, villámgyors terjedésének titkával, a hatalom gyakorlását elősegítő politikai és intézményrendszer kialakulásával.', 10, 34, 1, 169, 2, 0, 'https://p1-ssl.vatera.hu/photos/68/3d/michael-rogers-a-hodito-iszlam-a-mult-szuletese-29-1d3c_1_300.jpg?v=1'),
(100130, 'A Korán Világa', 'Simon Róbert', '1987', 1800, 6, 'Helikon Kiadó', '20x14', 'magyar', 'A Korán az iszlám elsődleges forrása és szent könyve, az iszlám tantételei szerint Isten Mohamed prófétán keresztül kinyilatkoztatott szava, mely öröktől való.', 10, 34, 1, 553, 2, 0, 'https://konyvlabirintus.hu/81631-thickbox_default/koran-a-koran-vilaga.jpg'),
(100131, 'A Korán (minikönyv)', 'Dr. Hollósi Somogyi József', '1947', 118000, 13, '?', '2,8x3,8', 'arab', 'Aranyozott bőr kötésben. Eredeti védődobozban. Nagyító nélkül.', 10, 34, 1, 814, 2, 0, 'https://cdn.antikvarium.hu/foto/nagy/12250120.jp'),
(100132, '12+1 fő', 'Galsai Pongrác', '1978', 490, 6, 'Szépirodalmi Könyvkiadó', '19x11', 'magyar', 'Szabálytalan arcképek.', 2, 4, 1, 225, 2, 90, 'https://moly.hu/system/covers/big/covers_125664.jpg'),
(100133, 'A caesarok élete', 'Gaius Suetonius Tranquillus', '1975', 4200, 14, 'Magyar Helikon', '18x13', 'magyar', 'Caesar, Augustus, Caligula vagy Tiberius - mindannyiuknak vannak ellentmondásos, megmagyarázhatatlan tettei. Suetonius nem pszichológiailag motivált jellemerajzokat közölt, hanem történetileg alátámasztható tényeket, színes anekdotákkal és gyanús mendemondákkal fűszerezve. A caesarok élete szórakoztató és tanulságos olvasmány, amely bepillantást enged a Római Birodalom nagyjainak életébe.', 2, 4, 1, 377, 2, 0, 'https://moly.hu/system/covers/big/covers_680068.jpg?1673191493'),
(100134, '135 lehetetlen történet', 'Vámos Miklós', '1997', 2200, 2, 'AB OVO Kiadó', '25x18', 'magyar', 'A könyvben a népszerű tévéműsor sztárjai mesélnek el emlékezetes és egyben lehetetlen történeteket életükről, családjukról, munkájukról. Találkozhatunk többek között Mácsai Pállal, Koltai Róberttel, Udvaros Dorottyával, Garas Dezsővel és Moldova Györggyel, Makk Károllyal, Psota Irénnel, Presser Gáborral és még sok mindenki mással.', 2, 4, 1, 213, 2, 0, 'https://marvin.bline.hu/product_images/78/2000000838100.JPG'),
(100135, 'A gólzsák', 'Thiery Árpád', '1985', 980, 1, 'Zrínyi Katonia Könyv- és lapkiadó', '20x13', 'magyar', 'Gyerekkoromban a futball még tömegjáték volt. Iskolából jövet minden nap találtunk magunkban teret, parkot, zsákutcát, és rúgtuk a teniszlabdát, a rongylabdát, a kavicsot - ami éppen akadt. Bajnokságokat szerveztünk. Egy iskolaközi mérkőzés jelentőségével semmi sem ért föl. Miénk volt a salak, az aszfalt, a gyep, a park. Bizonyos, hogy vége a legendáknak. Átalakulóban van vagy már át is alakult az életünk, s vele együtt a játékhoz való viszonyunk. Átalakult a labdarúgás is. A grundoktól a stadionokig, a mezítlábas kisfiúk viselkedésétől a profivá lett világsztárokéig.', 2, 5, 1, 159, 2, 80, 'https://moly.hu/system/covers/big/covers_193693.jpg'),
(100136, 'A kung fu királya', 'Szabó Julianna-Leyrer Richárd', '1987', 1700, 1, 'Lapkiadó Vállalat', '20x14', 'magyar', 'Amikor a gyászoló hozzátartozók és barátok elvonultak Bruce Lee, a kung fu király ravatala mellett, hangosan nevetgéltek és tapsoltak. Ezzel az ősi kínai szokással akarták megfélemlíteni és elűzni az ártó szellemeket, hogy legalább holtában ne háborgassák Bruce-t. Mert igen sokan hittek abban és hisznek ma is, hogy gonosz hatalmak törték ketté a Kicsi Sárkány felfelé ívelő életútját.', 2, 5, 1, 199, 2, 0, 'https://www.dakinikonyvek.hu/sites/default/files/a_kung_fu_kiralya.jpg'),
(100137, 'A kalapácsvető aratása', 'Kő András', '2010', 3100, 2, 'Apriori International', '27x17', 'magyar', 'Hogy mi hajtott? Ezen sokat gondolkodtam, különösen a válságos időkben, amikor sokat töpreng az ember a lét értelméről. Arról, hogy minek volt értelme, és minek nem. Hogy mi hajtott? Egyrészt nyilván valami dac, eltökéltség, bizonyítási vágy. Nem volt könnyű gyerekkorom. Szegénység, hányatottság, kiszolgáltatottság... Aztán Pesten vidékiként éltem, egyetlen váltás ruhám volt, sokat éheztem, a többiek nehezen fogadtak be. Ez mind erősítette bennem a szándékot, hogy vigyem valamire, érjek el valami olyat, amivel bizonyíthatom - akár a világnak, akár önmagamnak hogy vagyok valaki, hogy vittem valamire! Hogy elértem valamit, amivel nyomot hagyok a világban. Ami talán évszázadok múltán is jelezni fogja, hogy egy rövid időn át itt volt ez a savanyújóskának hitt lakli...', 2, 5, 1, 259, 2, 0, 'https://szentimreantikvarium.hu/dynamic/22000/ko_a%20kalapacsveto.jpg'),
(100138, '1791 - Mozart utolsó éve', 'H. C. Robbins Landon', '2001', 2100, 1, 'Corvina kiadó', '20x13', 'magyar', 'Életének ​utolsó évében Mozart olyan lázasan dolgozott, mintha megérezte volna, hogy összegeznie kell, és hamarosan búcsúznia is. Ebben az 1791-es esztendőben több hangjegyet vetett papírra, mint az azt megelőző három évben együttvéve. Olyan csodálatos művek születtek ekkor, min a Varázsfuvola és a Requiem.', 2, 6, 1, 219, 2, 0, 'https://marvin.bline.hu/product_images/956/1111001204188.JPG'),
(100139, 'A boldog költő', 'Bors Anikó - Csillag Dóra - Vajk Ádám', '2015', 3300, 6, 'Győri Egyházmegyei Levéltár', '24x17', 'magyar', 'Harsányi Lajos (1883-1959) a katolikus irodalom századfordulós megújulásának úttörője, költői indulása idején együtt emlegették a fiatal nyugatosokkal. Korának ünnepelt költője volt, azonban 1945 után háttérbe szorult. Bár halála után nem szerepelt irodalmi lexikonokban, Kunszery Gyula, Rónay György és napjainkban Cs. Varga István méltatták líráját. A kötetben Harsányi Lajos válogatott versei mellett kuriózumként máig kiadatlan irodalmi önéletírása olvasható, amelyet a Győri Egyházmegyei Kincstár és Könyvtár őrzött meg az utókornak.', 2, 6, 1, 516, 2, 0, 'https://marvin.bline.hu/product_images/303/B1341736.JPG'),
(100140, 'A fény festője', 'Csala Károly - Fazekas Eszter', '2001', 1800, 1, 'Osiris Kiadó', '18x12', 'magyar', 'Koltai Lajos életrajza.', 2, 6, 1, 222, 2, 0, 'https://s01.static.libri.hu/cover/a9/e/714027_4.jpg'),
(100141, 'Dorian Gray arcképe', 'Oscar Wilde', '2016', 3000, 2, 'Athenauem Irodalmi és Nyomdai Rt', '374gr', 'magyar', 'Az ifjú és feltűnően szép Dorian Grayt lefesti barátja, Basil Hallward. Lord Henry Wotton befolyása alá vonja a tapasztalatlan húszéves ifjút, és ráébreszti az élet ízére. Dorian a lelkét is kész lenne odaadni azért, hogy tetteinek terhét a Basil által festett arcképe viselje, ő pedig ifjú maradhasson. Mindjobban beleszeret saját szépségébe, ám a festmény öregedése nyomasztóan hat rá.', 7, 19, 1, 334, 2, 0, 'https://lira.erbacdn.net/upload/M_28/rek1/500/4052500.jpg'),
(100142, 'Gyógyító étkezés', 'Frank Zsófia', '2013', 900, 3, 'Csepp Kiadó', '12x20', 'magyar', 'Miért fontos megismerkednünk étkezésünk egészségfenntartó, betegségmegelőző és gyógyító hatásaival? Hogyan érjük el, hogy e hatások működjenek bennünk? Mi a kapcsolat egészségünk meggyengülése és táplálkozásunk milyensége, mennyisége és időpontjai között? Miért van szükségünk méregtelenítésre, és hogyan tehetjük meg ezt a leghatékonyabban? Képesek vagyunk elrettentő fogyókúrák nélkül szabályozni a testsúlyunkat? E kérdésekre egy olyan egyszerű és magától értetődő dolog ad választ, amelyet mindennap többször is művelünk anélkül, hogy különösebb fontosságot tulajdonítanánk neki, pedig jelentős szerepet játszik abban, hogyan érezzük magunkat a bőrünkben. Vagyis: a válasz a napi étkezésünkben rejlik.', 1, 2, 1, 182, 2, 0, 'https://s01.static.libri.hu/cover/3c/d/11331207_4.jpg'),
(100143, 'Cukor.Baj', 'Farkas Wellmann Endre', '2019', 1500, 2, 'Partvonal', '15x21', 'magyar', 'Izgalmas utazásra hívja F. W. E. az olvasót: a gyakorló cukorbeteget, a potenciális cukorbeteget, de azt is, aki sosem lesz cukorbeteg. Az utazás az elzárkózástól az elfogadáson át a betegséggel való megbarátkozásig vezet. Miért éppen én? Mit tettem, és mit nem tettem, hogy beteg legyek? Hogyan fogadom el? Kire bízhatom? A szerző számos konkrét, de filozófiai kérdést is felvet, és ügyesen terelgeti az olvasót, hogy a válaszokat megtalálja. A végső következtetés: segítséget kaphatsz , de a legtöbbet magadnak kell megtenned, hogy együtt tudj élni és jól tudj együtt élni a betegségeddel.', 1, 3, 1, 203, 2, 0, 'https://s01.static.libri.hu/cover/4d/0/11266647_4.jpg'),
(100144, 'Pánikbetegség', 'Fási Katalin-Gyarmati Gábor', '2003', 1400, 2, 'Focus Vitalitás Kiadó', '13x20', 'magyar', 'Mai rohanó, emberpróbáló életvitelünk nagy részben felelős azért, hogy napról napra nő a depressziós és pánikbetegek száma. Az élet problémáitól megviselt lélek legtöbbször testi tünetekkel jelzi, hogy valami belül nincs rendben. Ha erre az orvos nem jön rá, akkor sok felesleges vizsgálat következhet célirányos kezelés helyett. E könyv a tünetek és a betegségtörténetek leírásával segít abban, hogy bárki felismerje, ha saját maga, vagy közvetlen környezetéből valaki depresszióban, vagy pánikbetegségben szenved.', 1, 3, 1, 78, 2, 0, 'https://s01.static.libri.hu/cover/5b/c/11603540_4.jpg'),
(100145, 'Házi gyógymódok', 'Dr Hodinka Barbara', '2003', 1000, 2, 'Tarsago Magyarország', '16x14', 'magyar', 'Ezer hasznos ötlet mindennapi egészségügyi problémákra.', 1, 3, 1, 640, 2, 0, 'https://s01.static.libri.hu/cover/0b/7/11308335_4.jpg'),
(100146, 'KarantÉNkonyhám', 'Harmath Eszter', '2020', 2500, 2, 'Cerkabella Könyvek Kft', '19x23', 'magyar', 'Harmath Eszter fotós és anyuka. Egy négyéves és egy egyéves gyerekkel maradt otthon a tavaszi karantén idején. És főzött mindenfélét, aztán elkezdte megosztani a recepteket, fotózott, bevásárlólistát írt Csodába illő gyorsasággal szaporodtak a követői: a KarantÉNkonyhám valódi sikertörténet.\r\nHogy mi a titka? Azt mutatja meg, hogy napi rendszerességgel főzni, gyerekekkel/gyerekeknek főzni, sokfélét és finomat főzni egyáltalán nem ördöngösség, nem kell hozzá semmilyen hókuszpókusz bárkinek sikerülhet.', 3, 7, 1, 175, 3, 0, 'https://s01.static.libri.hu/cover/f4/b/11266719_4.jpg'),
(100147, 'Paleolit receptek hétköznapokra', 'Mezei Elvira', '2022', 1800, 1, 'jaffa kiadó és kereskedelmi kf', '16x23', 'magyar', 'A paleolit diéta nem is igazi diéta. Legalábbis ez derül ki MEZEI ELMIRA legújabb szakácskönyvéből, amellyel eloszlatja a paleo elvek szerinti sütéssel-főzéssel kapcsolatos, szokásos tévhiteket. Nem kell éheznünk, nem kell megvonnunk magunktól a finom falatokat, még véletlenül sem kell mindig ugyanazt fogyasztanunk, sőt, drágán és nehezen beszerezhető alapanyagokra sem lesz szükségünk. Ehelyett, ha megfogadjuk a szerző tanácsait, igen változatos, ízletes, és nem utolsósorban költséghatékony módját próbálhatjuk ki az egészségtudatos táplálkozásnak. Az ötletes levesek, hal-, hús- és zöldségételek, saláták receptjeit ebben a kötetben az évszakok szerint csoportosítva találja meg az olvasó, és jó hír az édesszájúaknak a fejezetekből a desszertek sem maradhattak ki. Akár hétköznapi, akár különleges ételt szeretnénk elkészíteni, ebből a szezonális szakácskönyvből ötleteket meríthetünk, és közben magunknak is bizonyíthatjuk: sütni-főzni csakis ilyen kreatívan érdemes.', 3, 7, 1, 224, 2, 0, 'https://s01.static.libri.hu/cover/3e/a/11644065_4.jpg'),
(100148, 'Villámkonyha', 'Frank Sándor', '2012', 2500, 2, 'lapcom zrt', '21x29', 'magyar', 'Ízelítő a mesterszakács receptjeiből.', 3, 7, 1, 199, 2, 0, 'https://s01.static.libri.hu/cover/7f/f/7764713_4.jpg'),
(100149, 'Chili & Vanília szakácskönyv', 'Mautner Zsófi', '2009', 3800, 3, 'lettero kiadó', '21x26', 'magyar', 'A sikeres gasztroblog szerzőjének legjobb receptjei.', 3, 7, 1, 192, 2, 0, 'https://s01.static.libri.hu/cover/37/6/11521436_4.jpg'),
(100150, 'Nosztalgikus receptek', 'Nicole Seeman', '2007', 2000, 1, 'alexandra kiadó ', '14x15', 'magyar', 'Gyermeklelkű felnőtteknek.', 3, 7, 1, 158, 2, 0, 'https://s01.static.libri.hu/cover/4c/b/10724116_4.jpg'),
(100151, 'Keleti ételek', 'Sylvia Winnewisser', '2007', 1300, 2, 'art nouveau kiadó', '22x18', 'magyar', 'A könyv különleges alapanyagokkal és fűszerekkel otthonába varázsolja a közel-kelet hangulatát.', 3, 7, 1, 160, 2, 0, 'https://s01.static.libri.hu/cover/43/8/10161470_4.jpg'),
(100152, 'Befőzés', 'Horváth Rozi', '2005', 1200, 2, 'impresszum kiadó', '17x23', 'magyar', 'Ötven recept.', 3, 9, 1, 108, 2, 0, 'https://s01.static.libri.hu/cover/1c/c/11644275_4.jpg'),
(100153, 'Aszalás, szárítás', 'Achim Samwald', '2011', 1800, 2, 'mezőgazda kiadó', '280gr', 'magyar', 'Az aszalás varázsa abban rejlik, hogy ebben a folyamatban a gyümölcsnek sajátos ízvilága alakul ki. Az aszalt szilva például nem helyettesíthető sem friss, sem mélyhűtött szilvával! Az aszalás az egyik legősibb tartósítási forma, de ma már nemcsak a nap erejét alkalmazza, hanem használatban vannak többek között elektromos üzemelésű szárítók is. A gyümölcsökön kívül száríthatunk még zöldségeket, gombát, fűszernövényeket, gyógynövényeket, olajos magvakat. A könyv az aszalványok, száritmányok készítésének bemutatásán kívül recepteket is közöl.', 3, 9, 1, 124, 1, 0, 'https://s06.static.libri.hu/cover/sl/36/a/36ae01ad8d210add4b0c8486d8c70baa_big.jpg'),
(100154, 'Válogatós gyerekek', 'Ambrus Éva', '2021', 3800, 3, 'boook kiadó kft', '583gr', 'magyar', 'A legtöbb apróság életében egyszer csak elérkezik az az időszak, amikor válogatni kezd, és a korábban kedvelt ételeket egyszerűen nem hajlandó megenni. A kifogások sora igen változatos: nem tetszik a színe; csak a rizst eszem meg; húst nem kérek; és sorolhatnánk még. Szülőként persze mindenféle praktikával megpróbálkozunk, de sorra kudarcot vallunk. Ám mielőtt végleg feladnád, és gyermeked venné át az irányítást az étkezésben, ismerd meg a válogatós evés valós hátterét. A szerző legújabb könyve ehhez nyújt támogatást. A nem evésnek számtalan oka lehet, de szerencsére a megoldások lehetősége is igen változatos.', 3, 10, 1, 219, 2, 0, 'https://s06.static.libri.hu/cover/sl/e6/4/e64d2555dceabbf918cb99f13ff19748_big.jpg'),
(100155, 'Mit adj enni a babának?', 'Jane Clarke', '2013', 2200, 2, 'lettero kiadó', '853gr', 'magyar', 'Jane Clarke korszakról korszakra végigkíséri a szülőket a terhességtől az óvodáskorig. Pontosan megmondja, mikor milyen ételt szabad adni, mire kell odafigyelni, és mi a legjobb megoldás az egyes problémákra (pl. ételallergiákra). De a szerző nem csupán táplálkozási szakember, hanem a rangos Cordon Bleu Akadémián végzett szakács is. Fantasztikus kombináció! Az ételei egyszerre egészségesek és finomak. Gyakorló édesanyaként pedig azt vallja, nem muszáj külön főzni a babának és a többi családtagnak. Minden babareceptje elkészíthető némi továbbfejlesztéssel úgy, hogy bárkinek tökéletes ebéd vagy vacsora legyen. Nagyon örülök, hogy részt vehettem a magyar kiadás elkészítésében.', 3, 10, 1, 240, 2, 0, 'https://s06.static.libri.hu/cover/sl/09/a/09a8b254f24d0a7031392d447af22352_big.jpg'),
(100156, 'Baba konyha', 'Geday Ildikó-Geday Gábor', '2001', 850, 1, 'pupa bt.', '200gr', 'magyar', 'Könyvünkkel szeretnénk segítséget nyújtani minden édesanyának és édesapának a csecsemő és kisgyermektáplálás nehézségeiben, hasznos ötleteket nyújtani a saját készítésű ételek elkészítéséhez. A helyes és egészséges táplálkozást szem előtt tartva törekedtünk a gyors és könnyen elkészíthető, továbbfejlesztésre alkalmas ételek egy csokorba gyűjtésére.', 3, 10, 1, 80, 2, 50, 'https://s06.static.libri.hu/cover/sl/ec/6/ec629f5e69a53730bd63154834e4900b_big.jpg'),
(100157, 'Romantic Piano Masters', 'Mariam Batsashvili', '2022', 2300, 15, 'mg records zrt.', '55gr', 'magyar', 'ROMANTIC PIANO MASTERS - ROMANTIKUS REMEKMŰVEK\r\nzongorára írt művek és átiratok.', 11, 36, 2, 60, 2, 0, 'https://s01.static.libri.hu/cover/49/1/9059602_4.jpg'),
(100158, 'Feelings', 'Foskolos Péter - Homor Zsuzsanna', '2022', 2500, 15, 'Alexandra Könyvesház', '80gr', 'magyar', 'Foskolos Péter görög származású magyar hegedűművész első stúdió albuma. A műsorban előtérbe helyezte a romantikát és az érzelmeket! Minden klasszikus zenét kedvelőnek nagyon ajánljuk!', 11, 36, 2, 67, 2, 0, 'https://s01.static.libri.hu/cover/8b/7/8435662_4.jpg'),
(100159, 'Missa Solemnis', 'Beethoven', '2021', 3000, 15, 'mg records zrt.', '55gr', 'angol', 'Following the huge success of the Symphonies boxsets, and considering Jordi Savall\'s expertise in sacred music it was invevitable that he should record the Missa Solemnis. As in his previous Beethoven, Schubert and Mendelssohn recordings, the Catalan maestro delivers a recording freed from the weight of past traditions to underline the dynamics, the section balance and the timbres that are required in this repertoire. He ignites the Promethean fire as imagined by Beethoven\'s demiurgic mind.', 11, 36, 2, 129, 2, 0, 'https://s01.static.libri.hu/cover/37/a/11042531_4.jpg'),
(100160, 'Viennese Romance', 'Beethoven - Schubert - Schönberg - Strauss', '2021', 2900, 15, 'hungaroton', '56gr', 'magyar', 'Válogatás nagy zeneszerzők műveiből.', 11, 36, 2, 114, 2, 0, 'https://s01.static.libri.hu/cover/8f/6/10670763_4.jpg'),
(100161, 'Tchaikovsky Plus One', 'Barry Douglas', '2019', 3100, 15, 'Piatkus', '55gr', 'angol', 'Grande Sonate.', 11, 36, 2, 90, 2, 0, 'mg records zrt. '),
(100162, 'Fellázad a Semmibe Vett Öröklét', 'Vágtázó Halottkémek', '2025', 3200, 15, 'grundrecords kft.', '100gr', 'magyar', 'A Vágtázó Halottkémek legújabb lemeze a Fellázad a Semmibe Vett Öröklét címmel az életet embervoltunkat kiteljesítő forradalomként átélő őrültek csapatának 50. évfordulójára jelenik meg. A VHK zenéje mindig is egyedül a zenénél mélyebb, örök alkotóerőből, a kozmikus életben rejlő törvényerejű érzések motiváló erejéből merített, ezért úgy maradt ötven éven át önazonos, hogy soha nem ismételte önmagát. A VHK-t emellett szokás az etno-punk, sámán-punk vagy pszichedelikus hardcore jelzőkkel is illetni, mivel elektromos hangszereket és mennydörgő üstdobokat szólaltatnak meg és a legjobban az extatikus sámánszertartásokhoz, a hardcore punk, a pszichedelikus rock lendületéhez, vadságához és tudattágításához lehet hasonlítani. Az új album a teljességében megélt élet zenei lenyomata, a radikális eredetiség, a nyers energia és a túlcsorduló szépség összhangzata.\r\n', 11, 37, 2, 68, 2, 0, 'https://s01.static.libri.hu/cover/0a/6/11667518_4.jpg'),
(100164, 'Kaleidoszkóp', 'Zséda', '2025', 2400, 15, 'magneoton kiadó', '58gr', ' angol-német-francia-magyar-spanyol', 'Több mint 20 éve annak, hogy Zséda debütáló lemezével teljesen levette a közönséget a lábáról, ma pedig már a zeneipar megkerülhetetlen dívája. Az énekesnő egy változatos és progresszív, 12 felvételből álló lemezzel, a \'Kaleidoszkóp\'-pal tért vissza.', 11, 37, 2, 25, 2, 0, 'https://s01.static.libri.hu/cover/75/6/11652707_4.jpg'),
(100167, 'Vissza sose nézz', 'Pokolgép', '2024', 3500, 15, 'grundrecords kft.', '96gr', 'magyar', '9 hosszú év után vadonatúj stúdióalbummal lepi meg rajongóit a Pokolgép. Énekesváltással kezdődött a 40. jubileumi év a zenekar számára: március elején foglalta el helyét a mikrofon mögött Bánhegyesi Richárd. A nyári koncertek során megszilárdult felállás egy kislemezzel már bebizonyította, hogy a Pokolgép továbbra is előkelő helyet követel magának a hazai metál színtér élvonalában, most viszont végre megérkezett a várva várt teljes nagylemez!\r\nA 10 vadonatúj szerzemény csípőből hozza a Pokolgéptől megszokott védjegyszerű gitárhangzást, a minőségi szólókat és a fülbemászó énekdallamokat. Az album úgy lett modern, hogy közben az ősrajongók elvárásainak is tökéletesen megfelel. A pokoli hangzás Cserfalvi \'Töfi\' Zoltán munkáját dicséri. A lemez végén bónuszként helyet kapott az ősszel megjelent kislemez két dala is, így a CD-gyűjtők sem maradnak le Ricsi bemutatkozásáról.', 11, 37, 2, 49, 2, 0, 'https://s01.static.libri.hu/cover/e0/6/11518759_4.jpg'),
(100168, 'Az első adventi gyertya - Karácsonyi válogatás', 'vegyes', '2024', 2600, 15, 'mg records zrt.', '80gr', 'magyar', 'Az E.Z.S. Music kiadó, sok év után ismét új karácsonyi dalokkal jelentkezik. A fiatal, tehetséges pályakezdő énekesek többnyire ezen az albumon mutatkoznak be először a szélesebb nyilvánosság előtt. A meghitt ünnepi-karácsonyi tételek mellett, gyerekdalok is helyet kaptak a korongon.', 11, 37, 2, 40, 2, 0, 'https://s01.static.libri.hu/cover/37/e/11507141_4.jpg'),
(100169, 'Speak Now (Taylor\'s Version)', 'Taylor Swift', '2023', 3400, 15, 'universal music hanglemezkiadó kft.', '122gr', 'angol', 'Taylor Swift harmadik albumának újragondolt változata, rajta 6, eddig soha ki nem adott felvétellel!', 11, 37, 2, 104, 2, 0, 'https://s01.static.libri.hu/cover/20/7/10086388_4.jpg'),
(100170, 'Seasons Of India', 'Baluji Shrivastav', '2020', 4200, 15, 'mg records zrt.', '100gr', 'angol', 'Seasonal ragas.', 11, 38, 2, 70, 1, 0, 'https://s01.static.libri.hu/cover/99/2/9067794_4.jpg'),
(100171, 'Jaj de magos ez a fa', 'Köteles Cindy', '2022', 2100, 15, 'mg records zrt.', '55gr', 'magyar', 'Az albumon tizenkét saját szerzeménye hallható. Az a dal lett az album címe, ami végül Cindy sílusát meghatározta, és ami YouTube-on a legnézettebb videója.\r\nA hangzásvilága slágerzene, ami főleg népies, olykor kicsit retrós, remek gitár riffekkel, ukulelével és hegedű szólókkal.', 11, 38, 2, 35, 2, 0, 'https://s01.static.libri.hu/cover/6c/d/9076446_4.jpg'),
(100172, 'Sounds of Africa: Mozambique', 'Yinguica', '2019', 3200, 15, 'mg records zrt.', '100gr', 'angol', 'Mozambique\'s very own musical tradition -Marrabenta- played until the strings break! A dash of exotic fun and the heady spirit of Mozambique\'s nightlife. ', 11, 38, 2, 52, 2, 0, 'https://s01.static.libri.hu/cover/1e/0/9064594_4.jpg'),
(100173, 'Folk Music From Norway', 'Lief Sorbye', '2016', 3200, 15, 'mg records zrt.', '100gr', 'angol', 'This album is a collection of my favorite songs from my home country of Norway. On this album, Ken Embrey and Jan eLandstra are playing Hardanger Fiddles. They are both deeply involved in teaching the fiddle, playing for dances and organizing Scandinavian folk music activities along the west coast of America.', 11, 38, 2, 40, 2, 0, 'https://s01.static.libri.hu/cover/e6/1/9055699_4.jpg'),
(100174, 'Men in Black - Sötét zsaruk a Föld körül', 'F. Gary Gray', '2019', 4200, 16, 'gamma home entertainment kft.', '178gr', 'magyar', 'Ahogy azt a rajongók milliói pontosan tudják, a Sötét zsaruk, vagyis a MIB egy titkos kormányügynökség, ami a bolygónkra érkező földönkívüliekkel való kapcsolattartásért felel. Ebben a nagyszabású, az egész Földön átívelő kalandban az ügynökök egy új generációja, H (Chris Hemsworth) és M (Tessa Thompson) minden eddiginél nagyobb fenyegetéssel néz szembe: úgy tűnik, tégla van a szervezetben.', 12, 40, 2, 115, 2, 0, 'https://s01.static.libri.hu/cover/d8/8/5863468_4.jpg'),
(100175, 'Mission: Impossible - Leszámolás', 'Christopher McQuarrie', '2023', 3500, 15, 'gamma home entertainment kft.', '66gr', 'magyar', 'Ethan Hunt (Cruise) és csapata a valaha volt legveszélyesebb bevetésükre indulnak: meg kell találniuk egy félelmetes új fegyvert, amely az egész emberiségre fenyegetést jelent. A tét a világ sorsa, így halálos föld körüli hajsza veszi kezdetét. Amikor Ethan egy korlátlan hatalmú, rejtélyes ellenséggel találja szembe magát, kénytelen belátni, hogy a küldetésénél nincs fontosabb - még azok élete sem, akik a legtöbbet jelentenek számára...', 12, 40, 2, 157, 1, 0, 'https://s01.static.libri.hu/cover/9b/1/10358089_4.jpg'),
(100176, 'Gyilkos járat (limitált kiadás)', 'David Leitch', '2022', 7000, 16, 'gamma home entertainment kft.', '180gr', 'magyar', 'A Gyilkos járatban Brad Pitt játssza Katicát, a peches bérgyilkost, aki igyekszik békésen végezni a munkáját, miután a kelleténél eggyel több melója siklott félre. A sorsnak azonban más tervei vannak vele: egy aktatáska megszerzésére szóló legújabb megbízatása a lehető legveszedelmesebb figurákkal hozza össze, méghozzá a világ leggyorsabb vonatán. Észvesztőbbnél észvesztőbb kavarások követik egymást, és egyre kérdésesebb, leszáll-e még valaha a vonatról... A Deadpool 2. rendezőjének, David Leitchnek Japánban játszódó akcióvígjátéka elképesztő tempót diktál, nagyon gátlástalan, nagyon vicces, és csupa zseniális színész őrültködik benne.', 12, 40, 2, 126, 2, 0, 'https://s01.static.libri.hu/cover/3a/b/9315434_4.jpg'),
(100177, 'Batman', 'Matt Reeves', '2022', 200, 16, 'gamma home entertainment kft. ', '170gr', 'magyar', 'Egy őrült sorozatgyilkos egymás után vadássza le Gotham elitjének tagjait, a bűntettek helyszínén pedig hátborzongató fejtörőket hagy Batmannek címezve, aki új szövetségesekkel az oldalán próbálja meg összerakni a kirakós darabkáit, hogy idejében leleplezze a bűnöst és megszabadítsa a várost a korrupció pestisétől.', 12, 40, 2, 176, 2, 0, 'https://s01.static.libri.hu/cover/44/0/8711226_4.jpg');
INSERT INTO `termekek` (`id`, `cim`, `alkoto`, `megjelenes`, `ar`, `boritoID`, `forgalmazo`, `meret`, `nyelv`, `osszefoglalo`, `kategoriaID`, `alkategoriaID`, `tipus`, `hossz`, `allapotID`, `pontok`, `kepURL`) VALUES
(100178, 'Beépített szépség 2.', 'John Pasquin', '2005', 3600, 15, 'rafinanz home entertainment kft', '80gr', 'magyar', 'Egy jó rendőr legyen kemény, goromba és ápolatlan - ez nem a hivatalos álláspont, csupán Gracie Hart véleménye, aki az ügy érdekében egyszer még arra is hajlandó volt, hogy szükség esetén csinosnak és jól ápoltnak álcázza magát. A harisnyatartójában azért még akkor is pisztolyt hordott, és szüksége is volt rá: egy szépségversenyt kellett megvédenie az őrült merénylőtől. A bevetés azonban különös személyiségtorzulásokat indított el nála. A szükségesnél nagyobb fontosságot kezdett tulajdonítani a külsejének: elpuhult. Annyi azért még maradt belőle a régi tűzből, hogy amikor harcias kolléganője, Sam beszól neki új, \'csini\' stílusáért, határozottan megvédi magát. Az ellenségeskedést azonban fel kell függeszteniük, amikor Gracie régi barátnőjét, a szépségkirálynő Cherylt rejtélyes bűnözök rabolják el. A nyomok Las Vegasba vezetnek: a csillogás városában újabb álruhákat, férfiakat és fegyvereket próbálhatnak ki, míg végül rengeteg kaland és megpróbáltatás árán Gracie és Sam nemcsak Cherylt menti meg az elszánt emberrablóktól, de egymást is jobban megismerik..', 12, 42, 2, 111, 2, 0, 'https://s01.static.libri.hu/cover/9b/4/792583_4.jpg'),
(100179, 'Asterix és Obelix - A Középső Birodalom', 'Guillaume Canet', '2021', 2900, 15, 'gamma home entertainment kft. ', '66gr', 'magyar', 'I. e. 50-ben a kínai császárnőt megbuktatta és börtönbe záratta egy áruló herceg. A császárnő egyetlen lánya és hűséges testőre a galloktól kér segítséget. A természetfeletti erővel bíró Asterix és Obelix örömmel fogadja a felkérést, hogy kiszabadítsák az uralkodót és megmentsék az országot. Ám miközben útra kelnek a távoli országba, egy másik nehézséggel is meg kell birkózniuk: Cézár szintén a trónra áhítozik, és az új hódítás reményében ő is a Középső Birodalom felé veszi az irányt.', 12, 42, 2, 113, 2, 0, 'https://s01.static.libri.hu/cover/f5/b/10033046_4.jpg'),
(100180, 'Nagykarácsony', 'Tiszeker Dániel', '2022', 1800, 15, 'gamma home entertainment kft.', '66gr', 'magyar', 'Arnoldnak (Ötvös András) a veszély az élete, de egy nap úgy dönt, a szokásosnál is nagyobb kockázatot vállal: karácsony előtt meg akarja kérni a barátnője kezét. A romantikus esemény azonban katasztrófába torkollik, és a lánglelkű tűzoltónak nem csak a szívét törik össze, hanem az önbizalmát is, így a tériszonyossá vált férfit a karácsonyi vásárba száműzik tűzvédelmi ügyeletesnek. Itt ismerkedik meg\r\na bájos tanító nénivel, Eszterrel (Zsigmond Emőke), aki látszólag szöges ellentéte a férfinak, így esélytelennek tűnik, hogy egymásra találjanak. Persze karácsonyi csodák mindig történhetnek...', 12, 42, 2, 111, 2, 0, 'https://s01.static.libri.hu/cover/ea/0/9032155_4.jpg'),
(100181, 'Charlie Chaplin 2.', 'Mack Sennett', '2008', 1200, 15, 'cinetel kft.', '90gr', 'magyar', 'Csavargó, gentleman, költő, álmodozó, egy furcsa fickó. Mindig abban reménykedik, bárcsak történne vele valami romantikus és kalandos. Szeretné azokkal az emberekkel elhitetni, hogy tudós, zenész, herceg vagy pólójátékos. Miközben arra is képes, hogy felvegye az eldobott cigarettacsikkeket, vagy elvegye egy csecsemő cumiját.', 12, 42, 2, 96, 2, 0, 'https://s01.static.libri.hu/cover/30/3/1091295_4.jpg'),
(100182, 'Volt egyszer egy téka', 'Csizmazia Gábor', '2019', 700, 15, 'gamma home entertainment kft.', '72gr', 'magyar', '2018. január 31-én 22 évnyi működés után végleg bezárt az Odeon videotéka a budapesti Corvin moziban. Ezzel a VIII. kerület utolsó legendás art videotékája is lehúzta a rolót, s az Odeon tékahálózat lassan a történelmi múlt részévé válik. Mindez jó alkalomként szolgált ahhoz, hogy néhány lelkes volt tékás és filmkedvelő emléket állítson nem csak az Odeon téká(k)nak, hanem az egész videokorszaknak, a nyolcvanas évek VHS aranykorának.', 12, 39, 2, 90, 2, 0, 'https://s01.static.libri.hu/cover/0e/6/5390981_4.jpg'),
(100183, 'Gésák', '?', '2000', 600, 15, 'neosz kft. film', '90gr', 'magyar', 'Ha a gésákra gondolunk, azonnal 101 kimonóba öltözött gyönyörű fiatal japán nő képe jelenik meg előttünk. Mindemellett köztudott, hogy a nyugati társadalmakban a gésák története és művészete ellentmondásokkal teli és rejtélyes homályban burkolódzik. Sőt, még a Hollywood-i filmek témáit alapos kutatásokkal előkészítők is gyakran találták szembe magukat kulturális akadályokkal. A Gésák hallgatása ezen a téren éppen olyan megfejthetetlennek bizonyul, mint maguk a figyelemre méltó nők.\r\nFilmünkben a Gésák lenyűgöző bemutatása elviszi önöket egy olyan felfedező útra, mely betekintést enged a japán társadalom titokzatos világába. Feltárjuk önöknek a gésák eredetét, akik meglepő módon régen mind férfiak voltak. Követjük fejlődésüket egészen a XXI. századig. Engedjék, hogy Japán ősi hagyományai kitárják lelküket az élet egy előkelőbb és kifinomultabb formája felé, és így értékelni fogják majd a művészetek minden formáját, még az oly gyakran lenézett udvarias csevegés művészetét is.\r\nUtazzunk vissza az időben azon kultúra és hagyományvilág korába, amely rendes körülmények között a nagyközönség előtt mindig is rejtve volt, és amely segít megőrizni a gésák művészetét az örökkévalóságnak.', 12, 39, 2, 87, 2, 0, 'https://s01.static.libri.hu/cover/bb/6/7114950_4.jpg'),
(100184, 'Szellemvadászok 3.', 'Ryutaro Nakamura', '2013', 1200, 15, 'mirax', '82gr', 'magyar', 'A halál megrázó élmény. Ilyesmit látva, főleg egy kisgyermek esetében, a világ kifordulhat magából. Tarou, Makoto és Masayuki, mindhárman szemtanúi voltak egy másik ember halálának. Egy napon egy elhagyatott épületben bolyongva megtalálják a szobát, melyhez Tarou-nak élete legrosszabb élményei kötődnek, és itt olyan dolog történik itt velük, amire sosem számítottak. Szellemük kilép testükből és szabadon szárnyalva bejárják a túlvilág földjét. Az esetet követően egyre gyakrabban hagyják el testüket...', 12, 41, 2, 125, 2, 0, 'https://s01.static.libri.hu/cover/87/6/1125430_4.jpg'),
(100185, 'Shrek a vége, fuss el véle', 'Mike Mitchell', '2021', 1400, 15, 'gamma home entertainment kft.', '64gr', 'magyar', 'Hol volt, hol nem volt, volt egyszer egy szeretnivaló ogre, aki összebarátkozott egy beszélő szamárral, aztán megmentett egy gyönyörű hercegnőt és ezzel örökre megváltoztatta az animációs filmek világát. Egy évtizednyi Shrekkel később a végéhez ért a varázslatos történet: a Shrek a vége, fuss el véle pedig méltó lezárása ennek a rekorddöntögető, Oscar-díjas mozijelenségnek.\r\nA családi feladatokkal megbirkózni képtelen Shrek visszasírja azokat az időket, amikor még \'igazi ogre\' volt, ezért aztán aláírja Rumpelstiltskin varázslatos szerződését, amely gondtalanságot ígér, ám amint az életbe lép, minden és mindenki megváltozik. Szamár nem ismeri meg a legjobb barátját, Fionából harcos amazon lesz, a Csizmás Kandúr pedig csúnyán kihízta a lábbelijét. Shreknek mindössze 24 órája van arra, hogy megsemmisítse a szerződést és megmentse Túl az Óperencián birodalmát, no meg a boldog befejezést.\r\n', 12, 41, 2, 93, 2, 0, 'https://s01.static.libri.hu/cover/e0/9/8077932_4.jpg'),
(100186, 'Száva - A szív harcosa', 'Max Fadeev', '2016', 950, 15, 'pro video film & distribution kft. ', '80gr', 'magyar-angol', 'Egy kis erdei faluban él Száva, a 10 éves kisfiú. A környék egykoron a fehér farkasok védelmét élvezte, mára viszont az emberek teljesen magukra maradtak. Mikor egy nap hiénák támadnak Száva falujára, a fiúnak épp hogy sikerül bemenekülnie az erdőbe. Itt találkozik Hómanccsal, az utolsó fehér farkassal, aki szerint a hegyekben él egy nagyhatalmú varázsló, akinek harcosa meg tudja menteni Száva faluját. A fiú és a farkas elindul megkeresni a lovagot, és útjuk során új barátokra is lelnek Pöfi, a mókás rózsaszín lény és Puszedli, az elvarázsolt francia báró személyében. Mindnyájan a varázsló segítségére vágynak, ám a hegyekben élő mágushoz Mama Jozee-n, a gonosz háromfejű majomkirálynőn keresztül vezet az út, akit a kis csapat csak akkor képes legyőzni, ha összefognak ebben az elbűvölő családi kalandfilmben, amely a barátság és az összetartás fontosságáról mesél.', 12, 41, 2, 84, 2, 50, 'https://s01.static.libri.hu/cover/ab/4/3119267_4.jpg'),
(100187, 'Minyonok', 'Kyle Balda - Pierre Coffin', '2015', 800, 17, 'gamma home entertainment kft.', '156gr', 'magyar', 'A Minyonok az idők kezdete óta szolgálták a történelem legalávalóbb gonosztevőit, de hebehurgyaságuknak hála sorra fűbe harapott mind, kinek hűséget fogadtak. Gazda nélkül azonban céltalanok és búskomorak lettek. De még mielőtt teljesen eltűntek volna a föld színéről, népük három botcsinálta hőse - Kevin, Stuart és Bob - útnak indul, hogy megtalálja új vezérüket. Mikor küldetésük Scarlet Túlölőhöz vezeti őket, a kertésznadrágos trió eddigi legnagyobb kihívásával szembesül: meg kell menteniük a Minyonokat... a pusztulástól!', 12, 41, 2, 91, 2, 0, 'https://s01.static.libri.hu/cover/6b/1/6413172_4.jpg'),
(100188, 'Csingiling és a kalóztündér ', 'Peggy Holmes', '2014', 980, 15, 'pro video film & distribution kft.', '78gr', 'magyar', 'Íme Zarina, a Kalóztündér Pán Péter világából, egy újabb fergeteges kalanddal. A talpraesett és nagyravágyó tündért, a tündérpor őrzőjét, elbűvöli a tündérpor és végtelen lehetőségei. Amikor Zarinát merész ötletei bajba sodorják, elszökik Tündérzugból, majd csatlakozik a Koponya-szikla cselszövő kalózaihoz, akik a kalózhajó kapitányává választják. Csingilingre és barátaira nagy kaland vár, hogy megtalálják Zarinát és együtt keljenek pengeéles küzdelemre a csapatnyi kalózzal, élükön egy James nevű hajóinassal, aki hamarosan Hook kapitányként lesz híres. Gyere és élvezd te is a nevetést, vidámságot, varázslatot és izgalmakat a Kalóztündérrel!', 12, 41, 2, 75, 2, 80, 'https://s01.static.libri.hu/cover/b9/d/2025857_4.jpg'),
(100189, 'A második világháború - Zárt ajtók mögött', 'Laurence Rees', '2014', 1200, 17, 'neosz kft. film', '180gr', 'angol-magyar', 'Sztálin - a Szovjetúnió tejhatalmú diktátora - kíméletlen zsarnok volt, aki emberek millióinak haláláért volt felelős. Ennek ellenére elképesztő kapcsolatokkal rendelkezett a második világháború alatt. Elsősorban nem csak a nagy demokráciák vezetőire gondolunk itt, mint például Franklin Roosevelt vagy Winston Churchill, de Hitlerrel és a nácikkal is igen közeli kapcsolatokat ápolt. Most végre, a televíziózás történetében először titkos beszélgetéseket hallgathatunk meg és soha nem látott felvételeket nézhetünk meg, amik végre teljes képet adhatnak a négy nagy vezető (Churchill, Sztálin, Roosevelt és Hitler) valódi szándékairól, személyiségéről, illetve motivációiról. Végre megérthetjük, hogy a találkozók, amiket tartottak, illetve a döntések, amiket hoztak, hogyan alakították a múlt és a jelenkor történelmét.', 12, 39, 2, 310, 2, 0, 'https://s01.static.libri.hu/cover/b7/a/1168483_4.jpg'),
(100191, 'Öveges professzor összes kísérlete', '?', '2011', 1850, 17, 'sprinter kiadói csoport kft ', '340gr', 'magyar', 'Öveges József a televíziós és rádiós ismeretterjesztés igazi nagy sztárja volt. Műsorain és könyvein keresztül sokak számára tette érdekessé és \'fogyaszthatóvá\' a fizika tudományát. Közkívánatra végre elérhetővé váltak az eredeti tv-sorozat epizódjai, a Sprinter Kiadói Csoport jóvoltából. A 4 DVD lemezen található kísérletek ma is látványos kiegészítői az iskolai tananyagnak, de otthon is nagyszerű, sőt szórakoztató ismeretterjesztők. Az összes kísérletet tartalmazó sorozatban olyan legendássá vált epizódok is megtalálhatók, mint a \'Heki, a rezonancia-kutya\' vagy \'A sarkított fény\'. A professzor úr módszere kiválóan alkalmas arra, hogy mindenki számára érthetővé váljon ez a korunkban annyira fontos tudomány. A mindennapi élet gyakran tapasztalt jelenségeiből kiindulva mutat rá a jelenségek okára, elemzi azokat, beszél a gyakorlati alkalmazásairól, és számos példával teszi szemléletessé mondanivalóját.', 12, 39, 2, 60, 2, 50, 'https://s01.static.libri.hu/cover/f0/0/832484_4.jpg'),
(100192, 'Nagy Sándor nyomában', 'David Wallace', '2011', 900, 17, 'mirax blueblack 1908 kft.', '170gr', 'magyar-angol', 'Alexander kíméletlen politikus, brilliáns katonai vezető volt, aki nem vetette meg a féktelen szórakozást életében. Kedvét lelte mind a nők, mind a férfiak társaságában. De ki ne hallott volna idáig Nagy Sándorról. Kevesen tudják azonban, hogy uralkodása mindössze 13 évig tartott. I.e 336 tól-323 ig. Ezalatt a rövid idő alatt azonban rettegett hódítóvá vált akinek a nevét mindenhol tisztelettel vegyes félelemmel ejtették ki az emberek.. Népek és meghódított kontinensek hevertek a lábai előtt. 22.000 mérföldön át vezette a csapatait, Görögországtól Indiáig. Michael Wood végigköveti ezt a káprázatos utat 16 országon és négy háborús övezeten át, hogy megismertethesse a nézőt a régmúlt idők legnagyobb hódítójával: Nagy Sándorral.', 12, 26, 2, 236, 2, 0, 'https://s01.static.libri.hu/cover/77/0/831548_4.jpg'),
(100193, 'Hősök és legendák nyomában', 'Jeremy Jeffs - Sean Smith', '2011', 1000, 17, 'mirax blueblack 1908 kft.', '160gr', 'magyar', 'Michael Wood ezúttal nem kisebb fába vágta a fejszéjét minthogy felderítse korunk legnagyobb legendáinak eredetét és a mögöttük meghúzódó valóságot. Az Arany gyapjú, Shangri-la - a Kék hold völgye- Sheba királynője, a Szent Grál. Ki ne hallott volna már ezekről a fantasztikus tárgyakról, helyekről, legendás uralkodókról, illetve mítoszokról. Fantasztikus utazás ez a föld körül, feltárva a régmúlt korok legnagyobb rejtélyeit. Nyugat Tibettől a Kaukázusokig, Etiópián és Yemenen keresztül vezet a kalandokkal teli út, de bejárjuk Görögországot, Indiát, Irakot és Izraelt, Angliát és Irországot is, hogy megtaláljuk a történelem legnagyobb rejtélyeinek elrejtett kirakós darabkáit.A kutatásai alatt Michael Wood lemerül a múlt árnyai közé és szétválasztja a tényeket a kitalációtól, hogy végül megtalálja a történelmileg is hitelesen bizonyított tényeket a legendák és mítoszok útvesztői között.', 12, 26, 2, 211, 2, 0, 'https://s01.static.libri.hu/cover/4d/5/831549_4.jpg'),
(100194, 'Julius Caesar', 'Uli Edel', '2010', 1100, 17, 'mirax blueblack 1908 kft.', '170gr', 'magyar', 'Rettegett hadvezér, képzett szónok, okos politikus, a világ valaha élt legnagyobb vezet?je, a római birodalom uralkodója. ? Julius Ceasar. Hatalomra jutásának igaz története, tele volt áldozatokkal, gyilkosságokkal epikus csatákkal és árulással. A gyönyör? Kleopátrával az egyik karján és kivont karddal a másikban Ceasar hatalmas területeket hajtott uralma alá. Történelmet írt, miközben emberek milliói tisztelték és istenítették. A sors iróniája, hogy legh?ségesebb szövetségesének - Brutusnak - a keze által halt meg. A legendás életút története, most végre megvásárolható a MIRAX jóvoltából parádés szereposztásban. Az Oscar díjas Christopher Walken, (PONYVAREGÉNY, SZARVASVADÁSZ) az Oscar díjas Richard Harris (HARRY POTTER, GLADIÁTOR) valamint Jeremy Sisto (SÍRHANT MŰVEK) f?szereplésével.', 12, 26, 2, 174, 2, 0, 'https://s01.static.libri.hu/cover/51/9/824269_4.jpg'),
(100195, 'Római vakáció', 'William Wyler', '2024', 1200, 15, 'gamma home entertainment kft.', '64gr', 'magyar', ' Ez a modern köntösbe bújtatott tündérmese egy hercegnőről szól, aki megszökik uralkodói kötelezettségei elől, hogy egymaga fedezze fel Rómát. Összetalálkozik egy amerikai újságíróval (Gregory Peck), aki a címlapsztori reményében úgy tesz, mintha nem ismerné fel a lányt. Terve azonban nem tökéletes, mert miközben igyekszik a hercegnő bizalmába férkőzni, halálosan beleszeret.', 12, 35, 2, 118, 2, 0, 'https://s01.static.libri.hu/cover/85/d/10702373_4.jpg'),
(100196, 'Ilyen a formám', 'Alan Poul', '2018', 2000, 15, 'gamma home entertainment kft.', '78gr', 'magyar-angol', 'Jennifer Lopez játssza Zoét, a New York-i szinglit, aki arról álmodik, hogy találkozik az Igazival, gyereket szül, és boldogan él, míg meg nem hal. Sok-sok balul elsült kapcsolat után azonban előveszi a tartalék tervét: bejelentkezik a nőgyógyászhoz, és egyedül vág bele az anyaságba. De ez az ötlet sem tökéletes: alig néhány perccel a sikeres mesterséges megtermékenyítés után a lány megismerkedik álmai férfijával, Stannel (Alex O\'Loughlin). Vajon el tudja rejteni Zoe a terhességét, míg Stan felkészül az igazságra? Vagy ha a férfi megtudja az igazságot, azonnal elmenekül? Az kacagtató romantikus vígjáték udvarlásról, szerelemről, házasságról és anyaságról - nem feltétlenül ebben a sorrendben!', 12, 35, 2, 100, 2, 0, 'https://s01.static.libri.hu/cover/7c/b/5019173_4.jpg'),
(100197, 'Hogyan írjunk szerelmet', 'Marc Lawrence', '2015', 1100, 15, 'pro video film & distribution kft.', '90gr', 'magyar', 'A szebb napokat látott forgatókönyvíró, Keith Michaels (Hugh Grant, Sztárom a párom) egyszer csak azon kapja magát, hogy ötvenhez közelítő, elvált férfi lett, aki évek óta nem írt sikeres filmet, ráadásul le van égve. Szerencsére ügynöke nem felejtette el, és szerzett neki munkát: egy uncsi kisváros egyeteme tanárt keres. Mivel zsebe üres, Keith nem mondhat nemet. Eleinte nem találja a helyét a tanári karban, és a tanítást is meglehetősen félvállról veszi, ám megváltozik a hozzáállása, amikor találkozik Hollyval (Marisa Tomei, Őrült, dilis, szerelem.), akivel hamarosan rájönnek, hogy mindketten ugyanazt várják az élettől: egy második lehetőséget..', 12, 35, 2, 107, 2, 0, 'https://s01.static.libri.hu/cover/8f/e/2372078_4.jpg'),
(100198, 'Az utolsó csók', 'Gabriele Muccino', '2007', 800, 15, 'neosz kft. film', '70gr', 'magyar', 'A huszonéves Giulia és Carlo már hosszú ideje együtt vannak. Amikor Giulia teherbe esik, gondtalan kapcsolatuk felett megjelennek az első viharfelhők. Carlo, az apaságtól és a felnőtt élettől megrémülve utoljára ki akarja magát tombolni, és viszonyt kezd egy 18 éves lánnyal. A háttérben barátaik is komoly problémákkal küzdenek: Adrianónak választania kell a függetlenség és a házasság között, Paolo nem akarja folytatni a családi vállalkozást, Alberto pedig sportot űz a lányok elcsábításából. A harmadik cselekményszál Giulia édesanyjának lelki válságát ábrázolja, aki nehezen éli meg az idő múlását.', 12, 35, 2, 113, 2, 0, 'https://s01.static.libri.hu/cover/bd/0/1095625_4.jpg'),
(100199, 'Monster Hunter', 'Paul W.s. Anderson', '2021', 1600, 16, 'gamma home entertainment kft.', '178gr', 'magyar', 'Az általunk ismert világ mellett létezik egy másik dimenzió, amelyet hatalmas erejű, veszedelmes szörnyek uralnak. Amikor egy homokvihar Artemis parancsnokot (Milla Jovovich) és egységét (TI Harris, Meagan Good, Diego Boneta) ebbe az új világba sodorja, a lények azonnal végezni akarnak a betolakodókkal. A katonák döbbenten tapasztalják, hogy a rémisztő szörnyekkel szemben mit sem érnek a hagyományos fegyverek. A túlélésért folytatott kétségbeesett küzdelem során találkoznak a titokzatos Vadásszal (Tony Jaa), aki egyedülálló képességei birtokában mindig egy lépéssel a gigászi monstrumok előtt jár. Artemis később rájön, hogy a férfi az Admirális (Ron Perlman) vezette csapat tagja. A bátor harcosoknak muszáj összefogniuk, ha győztesen akarnak kikerülni a világunk elpusztításával fenyegető szörnyekkel szembeni végső összecsapásból.', 12, 24, 2, 103, 2, 0, 'https://s01.static.libri.hu/cover/e6/f/7820749_4.jpg'),
(100200, 'Bűvölet - Az örökség', 'Zoe Lister-Jones', '2021', 1300, 15, 'gamma home entertainment kft. ', '70gr', 'magyar', 'A kultikus sikerfilm, a Bűvölet Blumhouse Productions által készített folytatásában négy tinédzser boszorkány - újdonsült varázserejük határait feszegetve - olyan veszélyes terepre téved, amit elképzelni sem tudott.', 12, 24, 2, 91, 1, 0, 'https://s01.static.libri.hu/cover/8a/e/7281711_4.jpg'),
(100201, 'Aquaman', 'James Wan', '2019', 1800, 15, 'pro video film & distribution kft.', '68gr', 'többnyelvű', 'Az AQUAMAN bemutatja a félig ember, félig atlantiszi ARTHUR CURRY eredettörténetét, hogy aztán elvigye őt élete kalandjára. A veszélyekkel és csodákkal teli utazás során Curry bebizonyíthatja, hogy érdemes-e a címre, ami születésétől fogva az ő joga. Hogy lehet-e ő Atlantisz királya.', 12, 24, 2, 137, 2, 0, 'https://s01.static.libri.hu/cover/26/f/5243282_4.jpg'),
(100202, 'A tizenhetes számú ház', 'Alfred Hitchcock', '2009', 980, 15, 'neosz kft. film', '90gr', 'magyar', 'A tizenhetes számú ház Alfred Hitchcock feszültséggel teli alkotása, amelyet még a Hollywoodba áttelepedése előtt rendezett meg. / Egy ékszerrabló banda elrejti ebül szerzett zsákmányát egy elhagyatott, londoni házban. Gilbert nyomozó (John STUART - A gyönyörök kertje) éppen ezután a nyaklánc után nyomoz, de egy csavargó (Leon M. LION - Képtelen kaland) még előtte rábukkan az értékes csomagra, s kihasználva e váratlan lehetőséget, azonnal meg is lép vele. Azonnal kezdetét veszi a film alapjául szolgáló, cselszövésekkel teli \'vadászat\', amely során a tolvajok a csavargó nyomába erednek, míg az ő nyomukat a furfangos detektív követi kitartóan. / Ez a korai Hitchcock film a benne végig jelen lévő feszültség ellenére a thriller műfaj igazi paródiája.', 12, 24, 2, 63, 2, 80, 'https://s01.static.libri.hu/cover/76/f/1094308_4.jpg'),
(100203, 'Gyilkosság az Orient expresszen (1974)', 'Sidney Lumet', '2017', 800, 15, 'gamma home entertainment kft. ', '72gr', 'magyar', 'Miután a híres belga mesterdetektív, Hercule Poirot lezárt egy ügyet Isztambulban, hazaindul Londonba az Orient expresszen. A legendás luxusvonat a sűrű havazás miatt aztán elakad a hegyek között, ezért több napos kényszerpihenő vár az utasokra. Nyugalmas várakozásról azonban szó sem lehet, ugyanis az egyik hálófülkében egy holttestet találnak: valaki az éj leple alatt több késszúrással kioltotta egy utas életét. Persze mindenkinek megdönthetetlennek tűnő alibije van... még szerencse, hogy a vonaton tartózkodik Poirot, aki a tőle megszokott egyedi módszerekkel próbálja megtalálni a megoldhatatlannak tűnő rejtély kulcsát. Mire a vonat megérkezik az állomásra, talán a gyilkos is kézre kerül!', 12, 24, 2, 122, 2, 0, 'https://s01.static.libri.hu/cover/3f/e/4206410_4.jpg'),
(100204, 'Még egy nap a paradicsomban', 'Larry Clark', '2013', 1450, 15, 'históriaantik könyvesház', '100gr', 'magyar', 'A hazulról szökött szerelmesek egyenesen a profi bűnözőpár karjaiba futnak, akiknek épp rájuk van szükségük a következő balhéhoz. Szinte családias légkör alakul ki közöttük, s mire a fiatalok ráébrednének, mibe keveredtek, egyikük már nem éli túl a durva kalandot.', 12, 24, 2, 101, 2, 50, 'https://s01.static.libri.hu/cover/79/6/1091675_4.jpg'),
(100205, 'Polar Expressz', 'Robert Zemeckis', '2022', 1250, 15, 'gamma home entertainment kft.', '82gr', 'magyar', 'Szenteste van, és hamarosan hósipkákon szánkózhatsz, jégmezőkön korcsolyázhatsz, szédítő mélységek fölött futó hidakon kelhetsz át, miközben daloló pincérek szolgálják fel neked a forró csokit. Isten hozott a Polar Expresszen!', 12, 41, 2, 100, 2, 50, 'https://s01.static.libri.hu/cover/42/0/9280564_4.jpg');

-- --------------------------------------------------------

--
-- Tábla szerkezet ehhez a táblához `tipus`
--

CREATE TABLE `tipus` (
  `id` int(11) NOT NULL,
  `megnevezes` text NOT NULL
) ENGINE=InnoDB DEFAULT CHARSET=latin1 COLLATE=latin1_swedish_ci;

--
-- A tábla adatainak kiíratása `tipus`
--

INSERT INTO `tipus` (`id`, `megnevezes`) VALUES
(1, 'könyv'),
(2, 'cd');

--
-- Indexek a kiírt táblákhoz
--

--
-- A tábla indexei `alkategoriak`
--
ALTER TABLE `alkategoriak`
  ADD PRIMARY KEY (`id`);

--
-- A tábla indexei `allapot`
--
ALTER TABLE `allapot`
  ADD PRIMARY KEY (`id`);

--
-- A tábla indexei `borito`
--
ALTER TABLE `borito`
  ADD PRIMARY KEY (`id`);

--
-- A tábla indexei `felhasznalo`
--
ALTER TABLE `felhasznalo`
  ADD PRIMARY KEY (`id`);

--
-- A tábla indexei `kategoriak`
--
ALTER TABLE `kategoriak`
  ADD PRIMARY KEY (`id`);

--
-- A tábla indexei `kosar`
--
ALTER TABLE `kosar`
  ADD PRIMARY KEY (`id`),
  ADD KEY `fk_termekID` (`termekID`),
  ADD KEY `fk_felhasznaloID` (`felhasznaloID`),
  ADD KEY `fk_megrendelesID` (`megrendelesID`);

--
-- A tábla indexei `megrendeles`
--
ALTER TABLE `megrendeles`
  ADD PRIMARY KEY (`id`);

--
-- A tábla indexei `termekek`
--
ALTER TABLE `termekek`
  ADD PRIMARY KEY (`id`),
  ADD KEY `fk_kategoriaID` (`kategoriaID`),
  ADD KEY `fk_alkategoriaID` (`alkategoriaID`),
  ADD KEY `boritoID` (`boritoID`),
  ADD KEY `tipus` (`tipus`),
  ADD KEY `allapotID` (`allapotID`);

--
-- A tábla indexei `tipus`
--
ALTER TABLE `tipus`
  ADD PRIMARY KEY (`id`);

--
-- A kiírt táblák AUTO_INCREMENT értéke
--

--
-- AUTO_INCREMENT a táblához `alkategoriak`
--
ALTER TABLE `alkategoriak`
  MODIFY `id` int(11) NOT NULL AUTO_INCREMENT, AUTO_INCREMENT=43;

--
-- AUTO_INCREMENT a táblához `borito`
--
ALTER TABLE `borito`
  MODIFY `id` int(11) NOT NULL AUTO_INCREMENT, AUTO_INCREMENT=18;

--
-- AUTO_INCREMENT a táblához `felhasznalo`
--
ALTER TABLE `felhasznalo`
  MODIFY `id` int(11) NOT NULL AUTO_INCREMENT, AUTO_INCREMENT=3;

--
-- AUTO_INCREMENT a táblához `kategoriak`
--
ALTER TABLE `kategoriak`
  MODIFY `id` int(11) NOT NULL AUTO_INCREMENT, AUTO_INCREMENT=14;

--
-- AUTO_INCREMENT a táblához `kosar`
--
ALTER TABLE `kosar`
  MODIFY `id` int(11) NOT NULL AUTO_INCREMENT;

--
-- AUTO_INCREMENT a táblához `termekek`
--
ALTER TABLE `termekek`
  MODIFY `id` int(11) NOT NULL AUTO_INCREMENT, AUTO_INCREMENT=100206;

--
-- Megkötések a kiírt táblákhoz
--

--
-- Megkötések a táblához `kosar`
--
ALTER TABLE `kosar`
  ADD CONSTRAINT `fk_felhasznaloID` FOREIGN KEY (`felhasznaloID`) REFERENCES `felhasznalo` (`id`),
  ADD CONSTRAINT `fk_megrendelesID` FOREIGN KEY (`megrendelesID`) REFERENCES `megrendeles` (`id`),
  ADD CONSTRAINT `fk_termekID` FOREIGN KEY (`termekID`) REFERENCES `termekek` (`id`);

--
-- Megkötések a táblához `termekek`
--
ALTER TABLE `termekek`
  ADD CONSTRAINT `fk_alkategoriaID` FOREIGN KEY (`alkategoriaID`) REFERENCES `alkategoriak` (`id`),
  ADD CONSTRAINT `fk_kategoriaID` FOREIGN KEY (`kategoriaID`) REFERENCES `kategoriak` (`id`),
  ADD CONSTRAINT `termekek_ibfk_1` FOREIGN KEY (`allapotID`) REFERENCES `allapot` (`id`),
  ADD CONSTRAINT `termekek_ibfk_2` FOREIGN KEY (`tipus`) REFERENCES `tipus` (`id`),
  ADD CONSTRAINT `termekek_ibfk_3` FOREIGN KEY (`boritoID`) REFERENCES `borito` (`id`);
COMMIT;

/*!40101 SET CHARACTER_SET_CLIENT=@OLD_CHARACTER_SET_CLIENT */;
/*!40101 SET CHARACTER_SET_RESULTS=@OLD_CHARACTER_SET_RESULTS */;
/*!40101 SET COLLATION_CONNECTION=@OLD_COLLATION_CONNECTION */;
